# noinspection SqlNoDataSourceInspectionForFile

-- MariaDB dump 10.17  Distrib 10.4.12-MariaDB, for debian-linux-gnu (x86_64)
--
-- Host: localhost    Database: teadb
-- ------------------------------------------------------
-- Server version	10.4.12-MariaDB-1:10.4.12+maria~bionic

/*!40101 SET @OLD_CHARACTER_SET_CLIENT=@@CHARACTER_SET_CLIENT */;
/*!40101 SET @OLD_CHARACTER_SET_RESULTS=@@CHARACTER_SET_RESULTS */;
/*!40101 SET @OLD_COLLATION_CONNECTION=@@COLLATION_CONNECTION */;
/*!40101 SET NAMES utf8mb4 */;
/*!40103 SET @OLD_TIME_ZONE=@@TIME_ZONE */;
/*!40103 SET TIME_ZONE='+00:00' */;
/*!40014 SET @OLD_UNIQUE_CHECKS=@@UNIQUE_CHECKS, UNIQUE_CHECKS=0 */;
/*!40014 SET @OLD_FOREIGN_KEY_CHECKS=@@FOREIGN_KEY_CHECKS, FOREIGN_KEY_CHECKS=0 */;
/*!40101 SET @OLD_SQL_MODE=@@SQL_MODE, SQL_MODE='NO_AUTO_VALUE_ON_ZERO' */;
/*!40111 SET @OLD_SQL_NOTES=@@SQL_NOTES, SQL_NOTES=0 */;

--
-- Table structure for table `DATABASEMANAGEMENTENTITY`
--

DROP TABLE IF EXISTS `DATABASEMANAGEMENTENTITY`;
/*!40101 SET @saved_cs_client     = @@character_set_client */;
/*!40101 SET character_set_client = utf8 */;
CREATE TABLE `DATABASEMANAGEMENTENTITY` (
                                            `ID` bigint(20) NOT NULL,
                                            `FINISHEDGENERATING` tinyint(1) DEFAULT 0,
                                            PRIMARY KEY (`ID`)
) ENGINE=InnoDB DEFAULT CHARSET=latin1;
/*!40101 SET character_set_client = @saved_cs_client */;

--
-- Dumping data for table `DATABASEMANAGEMENTENTITY`
--

LOCK TABLES `DATABASEMANAGEMENTENTITY` WRITE;
/*!40000 ALTER TABLE `DATABASEMANAGEMENTENTITY` DISABLE KEYS */;
INSERT INTO `DATABASEMANAGEMENTENTITY` VALUES (1,1);
/*!40000 ALTER TABLE `DATABASEMANAGEMENTENTITY` ENABLE KEYS */;
UNLOCK TABLES;

--
-- Table structure for table `PERSISTENCECATEGORY`
--

DROP TABLE IF EXISTS `PERSISTENCECATEGORY`;
/*!40101 SET @saved_cs_client     = @@character_set_client */;
/*!40101 SET character_set_client = utf8 */;
CREATE TABLE `PERSISTENCECATEGORY` (
                                       `ID` bigint(20) NOT NULL,
                                       `DESCRIPTION` longtext DEFAULT NULL,
                                       `NAME` varchar(100) DEFAULT NULL,
                                       PRIMARY KEY (`ID`)
) ENGINE=InnoDB DEFAULT CHARSET=latin1;
/*!40101 SET character_set_client = @saved_cs_client */;

--
-- Dumping data for table `PERSISTENCECATEGORY`
--

LOCK TABLES `PERSISTENCECATEGORY` WRITE;
/*!40000 ALTER TABLE `PERSISTENCECATEGORY` DISABLE KEYS */;
INSERT INTO `PERSISTENCECATEGORY` VALUES (2,'Pure black tea and blends','Black Tea'),(3,'From China and Japan','Green Tea'),(4,'Helps when you feel sick','Herbal Tea'),(5,'In many variations','Rooibos'),(6,'If green tea doesn\'t agree with you','White Tea');
/*!40000 ALTER TABLE `PERSISTENCECATEGORY` ENABLE KEYS */;
UNLOCK TABLES;

--
-- Table structure for table `PERSISTENCEORDER`
--

DROP TABLE IF EXISTS `PERSISTENCEORDER`;
/*!40101 SET @saved_cs_client     = @@character_set_client */;
/*!40101 SET character_set_client = utf8 */;
CREATE TABLE `PERSISTENCEORDER` (
                                    `ID` bigint(20) NOT NULL,
                                    `ADDRESS1` varchar(255) DEFAULT NULL,
                                    `ADDRESS2` varchar(255) DEFAULT NULL,
                                    `ADDRESSNAME` varchar(255) DEFAULT NULL,
                                    `CREDITCARDCOMPANY` varchar(255) DEFAULT NULL,
                                    `CREDITCARDEXPIRYLOCALDATE` date DEFAULT NULL,
                                    `CREDITCARDNUMBER` varchar(255) DEFAULT NULL,
                                    `ORDERTIME` datetime DEFAULT NULL,
                                    `TOTALPRICEINCENTS` bigint(20) DEFAULT NULL,
                                    `USER_ID` bigint(20) DEFAULT NULL,
                                    PRIMARY KEY (`ID`),
                                    KEY `FK_PERSISTENCEORDER_USER_ID` (`USER_ID`),
                                    CONSTRAINT `FK_PERSISTENCEORDER_USER_ID` FOREIGN KEY (`USER_ID`) REFERENCES `PERSISTENCEUSER` (`ID`)
) ENGINE=InnoDB DEFAULT CHARSET=latin1;
/*!40101 SET character_set_client = @saved_cs_client */;

--
-- Dumping data for table `PERSISTENCEORDER`
--

LOCK TABLES `PERSISTENCEORDER` WRITE;
/*!40000 ALTER TABLE `PERSISTENCEORDER` DISABLE KEYS */;
INSERT INTO `PERSISTENCEORDER` VALUES (607,'8129 West 177 North','District 115, Utopia, 38468','Maria Wilson','MasterCard','2028-12-05','3639 5010 2467 2778','2017-06-18 15:44:00',4542,510),(608,'5695 West 8055 North','District 148, Utopia, 10752','Lisa Hall','MasterCard','2025-08-29','4152 9804 7983 4450','2017-06-11 11:47:00',90248,508),(609,'3848 West 5442 North','District 309, Utopia, 26276','Patrick Walker','MasterCard','2031-08-06','5331 4672 1441 9827','2021-08-10 01:04:00',4491,539),(610,'165 East 7762 South','District 70, Utopia, 25811','Jospeph Harris','Visa','2028-06-27','4275 9864 8937 3375','2014-03-03 09:18:00',172189,597),(611,'1990 East 6101 South','District 111, Utopia, 36550','Gary Williams','Visa','2022-05-10','3533 3439 4554 6546','2012-02-20 11:20:00',8801,549),(612,'7428 West 3045 South','District 172, Utopia, 49534','Larry Davis','Visa','2029-03-25','2393 1673 1541 2580','2017-04-23 07:02:00',57784,514),(613,'4196 West 5676 North','District 145, Utopia, 34960','Kimberly Hernandez','MasterCard','2024-12-25','9607 1358 3500 1200','2014-04-13 06:29:00',120954,545),(614,'1681 West 6566 South','District 161, Utopia, 22095','Deborah Martinez','MasterCard','2030-10-14','3706 5112 1828 7432','2019-01-23 01:43:00',80967,595),(615,'1610 West 1848 South','District 395, Utopia, 39339','Susan Hill','Visa','2022-06-05','5842 2472 9954 1546','2020-03-23 13:17:00',123889,535),(616,'2499 West 3486 North','District 56, Utopia, 32206','Larry Williams','MasterCard','2029-11-05','8725 6379 3559 3251','2017-10-07 17:18:00',102852,522),(617,'2461 West 6966 South','District 208, Utopia, 44435','Cynthia King','Visa','2031-07-22','2523 1536 1691 5420','2015-01-12 22:48:00',23177,589),(618,'6647 West 5992 North','District 147, Utopia, 12348','Raymond Robinson','Visa','2029-01-07','1767 1561 5662 3717','2013-07-10 08:52:00',59593,512),(619,'1497 East 1578 South','District 82, Utopia, 24023','Michelle Lewis','Visa','2024-11-05','7463 9820 7686 9453','2016-02-05 16:05:00',1218,551),(620,'361 East 1509 North','District 104, Utopia, 29872','Anthony Johnson','MasterCard','2028-07-31','5311 3580 7618 5034','2018-08-02 03:40:00',77296,572),(621,'4852 West 1384 North','District 48, Utopia, 11023','Gregory Wright','Visa','2024-11-11','8891 5557 6718 9529','2014-03-09 02:07:00',108509,604),(622,'3793 West 6456 North','District 92, Utopia, 13804','Deborah Walker','Visa','2027-02-12','5787 7925 6228 8555','2013-07-04 12:00:00',48250,547),(645,'2719 West 7919 South','District 416, Utopia, 39617','Kevin Brown','MasterCard','2022-03-20','8745 1304 8380 4575','2020-04-21 14:37:00',3712,555),(663,'1526 East 8308 North','District 216, Utopia, 38546','Maria Wilson','Visa','2031-06-01','8986 5783 2380 9986','2020-04-04 03:17:00',18782,510),(664,'3983 West 56 South','District 389, Utopia, 20879','Patrick Walker','Visa','2024-12-20','3740 6489 7188 3529','2020-07-11 14:56:00',9306,539),(668,'7585 East 8918 South','District 7, Utopia, 39696','Deborah Martinez','Visa','2030-11-03','9786 8642 7890 2018','2013-01-19 07:53:00',0,595),(670,'5103 East 5397 South','District 0, Utopia, 14064','Maria Taylor','Visa','2029-10-05','8350 8878 1224 6636','2019-07-01 19:57:00',112848,590),(678,'222 West 8019 North','District 6, Utopia, 45884','Brian Jones','MasterCard','2027-10-27','7509 1735 8539 7292','2018-08-07 12:43:00',11200,524),(679,'6720 East 2915 North','District 107, Utopia, 23949','Paul Thompson','MasterCard','2028-10-25','1880 6644 2173 2226','2020-01-07 11:28:00',69488,574),(680,'6688 West 1569 North','District 85, Utopia, 45797','Deborah Walker','Visa','2027-07-04','8795 6491 8609 8877','2021-08-09 05:25:00',95813,547),(681,'1275 East 4028 South','District 259, Utopia, 37360','Gary Williams','MasterCard','2028-12-25','3673 9447 2972 8706','2015-06-18 17:13:00',7680,549),(694,'8092 East 4220 North','District 2, Utopia, 28117','Kevin Brown','Visa','2025-05-22','4386 9090 7280 6888','2020-02-20 15:31:00',52424,555),(695,'7726 West 7641 South','District 330, Utopia, 28628','Lisa Hall','MasterCard','2024-11-08','5146 1851 9937 2350','2019-08-06 10:01:00',16221,508),(707,'4031 East 4493 South','District 250, Utopia, 22571','Eric Moorse','Visa','2023-01-10','6522 8848 4748 4394','2012-05-05 09:08:00',92339,601),(708,'7099 West 5230 South','District 372, Utopia, 28823','Gary Williams','MasterCard','2028-10-04','8647 5958 5556 9854','2013-06-18 00:11:00',4673,549),(709,'7131 West 8071 North','District 335, Utopia, 25807','Gregory Wright','Visa','2025-05-31','2192 7553 8129 8075','2018-05-20 17:04:00',22464,604),(710,'804 East 6711 North','District 479, Utopia, 20062','Kimberly Hernandez','MasterCard','2026-02-03','2366 2508 9061 6332','2014-07-10 02:23:00',10500,545),(711,'6523 East 711 North','District 192, Utopia, 25101','Thomas Thompson','MasterCard','2030-12-21','3157 4787 5572 7478','2016-01-13 19:15:00',169145,540),(712,'4674 West 8404 South','District 365, Utopia, 42791','Raymond Robinson','MasterCard','2031-05-12','4308 4158 3130 7804','2021-10-08 06:18:00',45025,512),(719,'7309 East 7404 North','District 290, Utopia, 11802','Larry Davis','MasterCard','2029-06-28','2157 5047 9420 1466','2016-08-07 03:20:00',52213,514),(720,'465 West 8929 South','District 112, Utopia, 31424','Deborah Martinez','MasterCard','2027-09-09','7720 1866 8816 6501','2014-07-07 19:41:00',273894,595),(729,'1620 East 4931 South','District 99, Utopia, 31243','Susan Hill','MasterCard','2029-01-22','1721 1972 5545 9026','2019-04-01 02:48:00',82874,535),(730,'2599 East 712 South','District 13, Utopia, 49507','Maria Taylor','Visa','2022-11-03','4637 1857 8791 5754','2017-05-17 14:01:00',45598,590),(731,'6061 East 1891 South','District 451, Utopia, 27707','Brian Jones','Visa','2023-09-10','6433 9345 6742 6015','2015-05-19 13:50:00',5335,524),(732,'3114 West 5793 North','District 268, Utopia, 11120','Jospeph Harris','MasterCard','2030-01-02','1691 2439 1578 5765','2020-03-08 02:40:00',99345,597),(742,'6132 West 1372 South','District 198, Utopia, 11994','Jerry Smith','Visa','2026-01-14','5368 3344 6002 1172','2019-03-02 05:38:00',57898,546),(747,'7786 West 8398 South','District 185, Utopia, 45073','Patricia Davis','MasterCard','2031-08-17','7645 9575 3122 4464','2021-09-08 19:16:00',50767,548),(748,'6980 East 4326 South','District 147, Utopia, 39079','Betty Scoot','MasterCard','2025-08-05','6406 7675 9260 6911','2019-07-09 02:52:00',25005,544),(752,'407 East 7542 South','District 489, Utopia, 35304','Maria Brown','MasterCard','2028-06-19','2873 2588 4470 4334','2021-04-02 20:27:00',11378,573),(753,'2873 East 8796 North','District 237, Utopia, 49111','Jerry Thomas','MasterCard','2028-06-04','7886 3603 4268 3427','2017-10-23 10:21:00',54312,603),(779,'2430 West 2088 South','District 247, Utopia, 20625','Kevin Brown','MasterCard','2030-10-24','7674 7150 8502 9757','2021-06-01 14:37:00',21001,555),(780,'4554 West 6635 North','District 298, Utopia, 29516','Lisa Hall','Visa','2026-02-25','9800 5017 3824 7675','2018-02-10 14:21:00',36968,508),(781,'5684 East 6841 North','District 266, Utopia, 14095','Richard Lewis','MasterCard','2029-07-04','8021 1306 3454 7863','2019-10-12 07:10:00',153350,515),(782,'5695 West 7471 South','District 177, Utopia, 43621','Scott Smith','MasterCard','2028-07-03','8552 1066 3537 7723','2016-05-12 20:36:00',155558,523),(783,'4791 East 5435 South','District 449, Utopia, 47638','Raymond Robinson','Visa','2027-08-15','6564 2725 7268 3048','2018-02-21 00:00:00',193292,512),(795,'1329 East 3645 South','District 329, Utopia, 33880','Shirley Lee','Visa','2022-02-12','6446 8965 2485 2267','2013-05-20 03:33:00',24587,554),(796,'8542 East 4002 South','District 108, Utopia, 42365','Thomas Thompson','MasterCard','2023-09-20','1499 7367 1458 9007','2015-10-22 12:27:00',79944,540),(797,'5352 East 2193 North','District 32, Utopia, 29494','Patricia Davis','Visa','2024-02-26','3383 7847 2335 2745','2015-08-18 22:47:00',58810,548),(799,'51 West 2181 South','District 154, Utopia, 44192','Mark Thomas','Visa','2024-09-22','4697 6787 7663 6106','2012-10-04 09:21:00',152116,588),(800,'4749 East 8025 South','District 143, Utopia, 19201','Jerry Smith','MasterCard','2025-02-22','1294 5874 7349 5591','2013-02-06 04:40:00',91616,546),(801,'4723 East 806 South','District 443, Utopia, 41360','Susan Hill','Visa','2031-02-07','7226 3182 4261 9672','2020-10-17 14:10:00',85942,535),(805,'6678 East 267 North','District 342, Utopia, 20497','Eric Moorse','MasterCard','2031-06-11','2184 6726 4672 6304','2014-07-01 21:02:00',68668,601),(816,'7294 East 7427 North','District 64, Utopia, 39229','Deborah Martinez','MasterCard','2026-03-17','5749 6988 9517 2730','2019-10-05 02:01:00',52560,585),(830,'4348 West 3595 North','District 380, Utopia, 31585','Maria Brown','Visa','2031-06-27','2911 1974 1647 4124','2016-04-02 01:12:00',29391,573),(831,'4696 West 6947 North','District 419, Utopia, 28554','Jerry Thomas','Visa','2025-07-13','5374 5364 8778 4665','2012-09-16 12:50:00',28721,603),(842,'7305 West 5143 South','District 334, Utopia, 29803','Kevin Brown','Visa','2026-10-19','3634 5685 1669 9122','2012-02-06 04:16:00',41566,555),(852,'2569 East 8034 North','District 316, Utopia, 21165','Shirley Lee','Visa','2027-07-29','9261 3345 9479 5913','2021-04-07 14:43:00',79069,554),(853,'3040 West 7367 South','District 188, Utopia, 33266','Kevin Brown','MasterCard','2029-05-04','9582 9838 9174 2164','2014-04-05 10:08:00',70745,596),(854,'1541 East 5576 South','District 15, Utopia, 31880','Helen Johnson','Visa','2029-12-09','2013 6014 6205 1402','2012-07-19 19:38:00',112655,509),(863,'2290 East 1629 South','District 182, Utopia, 13235','Deborah Martinez','MasterCard','2031-07-16','8952 8993 9741 9283','2015-10-12 21:32:00',90238,585),(864,'11 West 5241 North','District 159, Utopia, 26753','Joshua Martin','Visa','2029-12-22','1250 7442 4191 9466','2016-08-13 12:50:00',37638,513),(865,'4904 East 1495 North','District 306, Utopia, 47181','Susan Hill','Visa','2028-02-26','1682 4387 9151 1165','2016-07-14 02:39:00',105104,535),(866,'1495 East 8025 South','District 439, Utopia, 39782','Robert Martinez','MasterCard','2027-11-14','5967 9853 2983 5629','2013-02-24 20:20:00',14347,538),(874,'930 East 4674 North','District 304, Utopia, 28406','Karen Jackson','Visa','2025-12-23','8792 5434 6371 5432','2021-07-16 08:06:00',102311,600),(875,'3540 East 7596 North','District 216, Utopia, 36211','Anthony Clark','MasterCard','2028-03-28','7065 3998 9514 3527','2014-06-23 01:29:00',144883,511),(876,'7538 West 1105 South','District 225, Utopia, 33821','Jennifer Hernandez','Visa','2024-09-20','7702 6924 7339 2979','2021-08-08 18:15:00',10020,602),(877,'5456 West 8794 South','District 325, Utopia, 18635','Scott Smith','MasterCard','2029-01-18','9940 4656 8914 6175','2016-03-24 20:47:00',168911,523),(880,'5108 West 2997 North','District 34, Utopia, 10756','Maria Hall','MasterCard','2028-04-27','3302 5500 8474 7428','2017-07-17 17:40:00',144150,592),(891,'5888 East 800 North','District 196, Utopia, 13897','Jerry Thomas','MasterCard','2028-11-01','5914 5087 9430 3072','2012-01-11 14:42:00',150303,603),(901,'4024 East 2634 North','District 230, Utopia, 39941','Stephen Harris','Visa','2023-06-09','5841 6534 7153 6840','2012-02-15 15:25:00',11422,517),(907,'5607 East 1644 North','District 101, Utopia, 42528','Kevin Brown','MasterCard','2029-03-28','4416 6548 9644 9741','2015-08-01 04:09:00',27824,596),(913,'974 East 2567 North','District 76, Utopia, 31343','Edward Martinez','MasterCard','2025-09-15','9265 4704 3113 9484','2014-01-19 16:43:00',16212,587),(914,'6073 West 6866 North','District 297, Utopia, 40115','Maria Brown','MasterCard','2031-01-04','2937 4902 1917 3604','2013-01-02 21:42:00',78949,573),(915,'8159 West 5478 South','District 234, Utopia, 12542','Timothy King','Visa','2031-05-31','1046 5442 7980 4549','2014-02-03 13:54:00',7596,556),(916,'4053 East 2562 North','District 414, Utopia, 39932','Mark Thomas','MasterCard','2030-01-08','6930 9888 4379 8744','2018-05-03 04:21:00',37133,588),(942,'1258 West 2115 North','District 198, Utopia, 17612','Charles Scoot','MasterCard','2027-07-02','2544 8513 5143 5343','2015-08-01 20:37:00',223800,543),(943,'2115 West 8136 North','District 380, Utopia, 15802','Donald Miller','MasterCard','2022-09-13','2822 1610 3421 8508','2020-06-21 18:36:00',1400,516),(949,'4217 East 1652 North','District 432, Utopia, 15117','Jospeph Hernandez','MasterCard','2031-09-13','4028 1972 3162 8840','2017-05-15 18:18:00',18406,553),(954,'6680 West 7374 North','District 179, Utopia, 20911','Walter King','MasterCard','2023-04-24','5941 2673 5218 4394','2021-05-24 10:48:00',48265,537),(956,'7336 West 533 South','District 145, Utopia, 17890','Timothy King','MasterCard','2026-07-01','7981 3432 6444 2384','2019-06-22 09:32:00',66554,556),(962,'2069 West 6884 South','District 85, Utopia, 21836','Helen Johnson','Visa','2030-02-05','4406 3300 9068 1205','2017-10-21 13:58:00',80596,509),(963,'5930 West 6605 South','District 333, Utopia, 20975','Laura Hill','MasterCard','2030-01-01','1672 5755 7964 8273','2017-04-13 17:54:00',110767,606),(966,'4564 East 6479 South','District 94, Utopia, 47259','Gary Martinez','Visa','2030-05-03','1163 2346 8468 5636','2019-05-12 04:16:00',18215,533),(977,'3322 East 314 South','District 196, Utopia, 48706','Shirley Jones','MasterCard','2024-07-17','8580 1200 4053 8721','2020-04-04 10:07:00',45921,586),(978,'5399 West 5681 North','District 67, Utopia, 26763','Margaret Robinson','Visa','2023-09-08','1959 3271 4487 2803','2016-09-20 14:47:00',232844,518),(979,'349 East 2820 South','District 359, Utopia, 39164','Donald Miller','Visa','2029-10-05','9941 6187 7518 9365','2014-04-15 10:43:00',59639,516),(980,'6158 West 1565 South','District 328, Utopia, 25321','Anthony Clark','Visa','2030-12-22','3130 3547 2904 4271','2012-04-23 19:28:00',118243,511),(981,'853 West 2193 South','District 372, Utopia, 16058','Cynthia Jones','MasterCard','2027-07-18','4789 9858 6505 7943','2018-06-07 16:32:00',30286,532),(982,'3484 East 421 South','District 311, Utopia, 10908','Richard Smith','Visa','2027-02-13','9327 8011 7988 8610','2013-04-11 12:17:00',146977,564),(988,'8323 East 4254 North','District 442, Utopia, 22431','Jospeph Hernandez','Visa','2023-01-22','7142 6109 2464 9270','2017-10-20 13:31:00',135137,553),(990,'4318 East 5281 North','District 347, Utopia, 29904','Gary Jackson','Visa','2029-06-24','8882 9318 1770 1023','2012-05-07 09:54:00',61365,570),(991,'545 West 6013 South','District 245, Utopia, 42822','Lisa Wright','MasterCard','2023-09-29','9116 7950 6591 3404','2021-10-04 21:36:00',169196,520),(992,'4871 East 8278 South','District 69, Utopia, 22398','Walter King','Visa','2030-07-25','1852 4767 2061 1114','2016-07-03 07:56:00',185185,537),(993,'6500 West 1210 South','District 228, Utopia, 20405','Maria Hall','MasterCard','2030-01-09','8694 6751 3288 7664','2012-10-05 09:20:00',44758,592),(1003,'2208 West 1331 North','District 314, Utopia, 22889','Kimberly Robinson','Visa','2022-02-07','8132 7959 8114 5544','2015-02-06 03:20:00',57649,507),(1031,'4205 West 277 North','District 248, Utopia, 26570','Gary Martinez','Visa','2030-06-22','3748 8445 2426 5702','2014-01-04 16:57:00',47384,533),(1032,'6496 East 2729 North','District 475, Utopia, 43984','Charles Scoot','MasterCard','2029-06-19','5898 1493 9400 6963','2017-06-05 08:30:00',11628,543),(1043,'1775 East 3286 South','District 116, Utopia, 13584','Shirley Jones','MasterCard','2023-05-29','8603 1708 2830 5486','2021-04-22 21:03:00',68944,586),(1044,'1068 East 3812 South','District 124, Utopia, 14986','John Johnson','Visa','2026-07-31','6954 7803 3916 4657','2020-05-21 02:04:00',178531,536),(1045,'6436 West 4898 South','District 402, Utopia, 34748','Donald Miller','MasterCard','2022-09-29','8450 1844 9607 1504','2014-09-09 04:30:00',119324,516),(1046,'8791 West 8518 South','District 202, Utopia, 28456','Richard Jones','MasterCard','2024-09-28','1753 1719 8011 4949','2015-08-04 01:39:00',23909,605),(1055,'5807 West 7174 North','District 401, Utopia, 48068','Michael Rodriguez','MasterCard','2029-12-18','5690 9848 1554 6053','2013-09-01 08:37:00',100030,534),(1056,'2990 West 2858 North','District 39, Utopia, 36392','Barbara Harris','MasterCard','2026-06-17','5673 9145 8307 6300','2015-08-18 14:30:00',30116,560),(1058,'2247 East 6295 South','District 465, Utopia, 37158','Maria Hall','MasterCard','2025-06-25','4292 6835 9722 6602','2017-07-19 17:42:00',65533,592),(1067,'5064 West 4133 South','District 182, Utopia, 26639','Cynthia Young','Visa','2030-06-15','2722 9533 2859 5237','2016-05-07 17:03:00',142749,541),(1079,'2269 East 5416 North','District 208, Utopia, 45677','Kimberly Robinson','MasterCard','2031-04-09','2113 9366 4738 1019','2016-04-20 01:43:00',28578,507),(1080,'4594 West 4767 South','District 465, Utopia, 24941','Margaret Robinson','MasterCard','2031-01-09','9187 1477 2921 1021','2013-01-23 17:54:00',66264,518),(1081,'5660 West 4242 South','District 327, Utopia, 27148','Susan Williams','Visa','2025-01-10','2398 5823 4979 6703','2016-01-17 11:58:00',136702,591),(1082,'3826 West 383 South','District 235, Utopia, 44020','Jessica Martin','MasterCard','2031-11-20','9864 3471 3753 1764','2016-01-22 21:56:00',60803,569),(1091,'5358 East 3641 South','District 187, Utopia, 34001','Gary Martinez','Visa','2029-04-09','5325 2542 5721 5169','2018-01-19 14:43:00',98403,533),(1092,'7602 East 6611 North','District 109, Utopia, 13832','Richard Smith','Visa','2027-03-22','8058 7799 6316 6525','2015-09-14 14:17:00',94447,564),(1093,'2217 East 7087 South','District 214, Utopia, 44009','Lisa Wright','Visa','2024-05-22','9859 9715 9352 7111','2012-03-06 19:23:00',3712,520),(1101,'7517 West 2380 North','District 173, Utopia, 19285','Donald Miller','MasterCard','2022-04-29','3001 5960 2875 4218','2021-09-03 12:05:00',121338,516),(1102,'1000 East 8425 South','District 448, Utopia, 30495','Barbara Harris','Visa','2030-04-30','9938 7596 6938 7314','2015-06-19 00:38:00',72492,560),(1103,'3225 West 1242 South','District 420, Utopia, 34180','Richard Jones','Visa','2029-10-12','4023 1464 3045 4789','2016-09-10 13:15:00',42415,605),(1106,'3662 East 3070 South','District 257, Utopia, 17241','Shirley Jones','MasterCard','2029-10-29','6203 3200 1212 5809','2018-05-17 17:16:00',59593,586),(1107,'8062 East 2032 South','District 75, Utopia, 10307','Scott Williams','Visa','2025-07-15','6215 3090 6479 8602','2012-04-20 06:45:00',5466,567),(1131,'6591 West 769 North','District 236, Utopia, 15455','Lisa Wright','MasterCard','2026-11-12','8778 2045 1081 3361','2019-07-07 17:00:00',50554,520),(1134,'8746 East 7139 South','District 186, Utopia, 44911','Dennis Thomas','Visa','2030-05-29','3060 4094 4363 9349','2014-04-17 14:52:00',60918,579),(1135,'988 East 8595 South','District 85, Utopia, 33320','Maria Hall','MasterCard','2024-09-27','3326 9532 8809 4450','2014-02-21 19:27:00',112107,592),(1136,'1467 West 2479 North','District 199, Utopia, 49524','Jessica Martin','MasterCard','2025-09-14','3483 3960 2422 4748','2017-09-04 01:57:00',16585,569),(1148,'3127 East 3709 North','District 267, Utopia, 49296','Scott Williams','Visa','2027-04-08','3948 8530 9821 5330','2016-07-20 17:55:00',71777,567),(1153,'3908 West 4928 North','District 342, Utopia, 27986','Richard Jones','MasterCard','2031-03-01','9643 6946 4445 1797','2016-10-22 13:39:00',10575,605),(1158,'7288 West 4041 South','District 252, Utopia, 37947','Jessica Hall','Visa','2031-08-07','6004 5064 5325 1723','2015-06-03 03:35:00',89136,565),(1164,'4746 East 3432 North','District 465, Utopia, 18864','Kimberly Harris','MasterCard','2025-06-19','4706 4974 6191 1264','2013-10-21 07:04:00',192546,566),(1165,'2015 West 4959 North','District 268, Utopia, 10376','Jessica Martin','MasterCard','2030-09-14','2282 3512 6779 5344','2013-10-15 12:58:00',73881,569),(1170,'7927 West 1650 North','District 157, Utopia, 29121','Shirley Jones','Visa','2025-01-10','1331 1376 5951 5367','2016-07-21 15:07:00',58897,586),(1177,'6185 East 6058 South','District 184, Utopia, 47311','Michael Rodriguez','Visa','2026-01-11','5530 9610 7832 4678','2014-05-10 18:16:00',17318,534),(1181,'4815 East 8797 South','District 164, Utopia, 46389','Timothy Rodriguez','MasterCard','2023-03-22','5180 8571 4469 9384','2018-07-10 10:36:00',1224,529),(1182,'7146 West 2105 South','District 300, Utopia, 19371','John Johnson','MasterCard','2024-02-14','6099 7374 9555 1567','2021-08-24 12:32:00',35775,536),(1188,'1323 East 1502 North','District 167, Utopia, 46491','Stephen Moorse','MasterCard','2024-05-12','7221 6211 7153 2457','2012-03-08 01:23:00',1988,562),(1189,'917 East 995 South','District 98, Utopia, 28261','Cynthia Young','MasterCard','2024-07-05','6221 7575 5074 1353','2016-04-15 17:21:00',93173,541),(1190,'1776 East 6498 North','District 25, Utopia, 48039','Peter Brown','MasterCard','2030-12-25','5968 4103 7860 2837','2016-02-12 14:41:00',151248,576),(1196,'4805 West 6332 South','District 350, Utopia, 26957','Lisa Wright','Visa','2029-12-16','3646 2079 6922 3869','2018-05-12 13:02:00',25508,520),(1206,'5933 East 3609 North','District 10, Utopia, 22751','Helen Wilson','MasterCard','2031-03-02','7682 5097 6188 1674','2013-02-13 17:52:00',92508,526),(1207,'1050 West 7748 North','District 387, Utopia, 22110','Richard Jones','Visa','2031-08-30','2113 6701 1538 1134','2017-01-16 17:48:00',107197,605),(1208,'6188 East 8028 South','District 14, Utopia, 22361','Dorothy Brown','Visa','2025-12-09','1354 4658 4060 4644','2014-05-03 21:04:00',114952,593),(1211,'6327 West 4084 North','District 70, Utopia, 10414','Dennis Thomas','Visa','2022-04-25','5232 6692 1083 1699','2020-06-22 21:09:00',62270,579),(1216,'2386 West 3330 South','District 400, Utopia, 33276','Mark Martin','MasterCard','2025-12-01','8840 1380 7429 7747','2014-01-19 02:33:00',135802,525),(1229,'8106 West 3087 North','District 109, Utopia, 13573','Margaret Clark','MasterCard','2022-12-01','9066 2341 8864 2942','2016-04-15 03:01:00',109200,519),(1230,'509 East 6293 South','District 223, Utopia, 39667','Timothy Rodriguez','Visa','2031-03-09','3493 5905 5556 2280','2017-09-05 09:34:00',47711,529),(1231,'4247 West 3612 South','District 218, Utopia, 16099','Stephen Moorse','MasterCard','2027-08-09','3128 1721 7881 5014','2019-05-16 08:38:00',39396,562),(1232,'6695 East 8788 North','District 183, Utopia, 25373','Barbara Martinez','Visa','2024-12-02','6154 9725 4412 2331','2015-04-13 09:00:00',16956,584),(1244,'6940 West 6146 South','District 150, Utopia, 11790','Jessica Hall','Visa','2025-08-06','9774 8008 4337 6443','2013-07-01 03:31:00',55836,565),(1245,'3632 West 4018 North','District 303, Utopia, 26807','Sharon Anderson','Visa','2024-03-22','9264 7871 4621 6486','2018-05-05 15:02:00',9311,531),(1246,'6256 East 31 North','District 40, Utopia, 41764','Carol Thomas','MasterCard','2023-12-20','7956 4495 1621 1109','2017-04-21 14:52:00',100599,528),(1247,'6962 East 1979 South','District 195, Utopia, 14078','Sarah Martinez','Visa','2024-12-23','5581 8253 6624 6218','2021-04-23 18:43:00',570,558),(1255,'4888 East 2372 South','District 272, Utopia, 15420','Jerry Allen','MasterCard','2028-05-18','5654 4622 1982 3400','2018-09-02 16:11:00',94722,561),(1283,'399 East 384 North','District 47, Utopia, 48318','Karen Lee','MasterCard','2029-07-20','4723 8742 3021 5183','2016-08-04 21:35:00',20203,559),(1284,'3244 East 767 South','District 183, Utopia, 22245','Paul Anderson','MasterCard','2029-11-17','7923 2305 6331 8604','2012-10-13 00:21:00',66939,575),(1290,'6863 East 2660 South','District 310, Utopia, 45795','Timothy Rodriguez','MasterCard','2031-09-25','8699 3507 3181 1354','2017-02-10 21:04:00',142353,529),(1296,'5688 West 8333 North','District 411, Utopia, 18526','Patrick Anderson','Visa','2023-07-31','9673 7747 4649 9797','2014-09-24 11:43:00',812,530),(1299,'5610 West 5741 South','District 455, Utopia, 37679','Richard Jones','MasterCard','2030-11-04','1598 3135 4939 7304','2014-03-06 07:03:00',15657,605),(1300,'6558 East 4910 South','District 7, Utopia, 29024','Patricia Moorse','MasterCard','2023-06-14','2819 8407 9918 3978','2014-06-23 12:54:00',65136,577),(1304,'3495 East 4447 South','District 361, Utopia, 13155','Cynthia Young','Visa','2027-11-06','5432 4390 9401 8422','2019-05-08 22:17:00',73818,541),(1305,'669 West 7489 South','District 356, Utopia, 43685','Barbara Martinez','Visa','2028-02-04','3367 5266 1956 2415','2017-07-18 03:05:00',30627,584),(1307,'7634 West 809 South','District 356, Utopia, 31250','Peter Brown','Visa','2031-06-02','1705 6181 8849 5402','2015-09-18 15:44:00',49759,576),(1308,'3768 East 2178 South','District 461, Utopia, 42953','James Harris','MasterCard','2029-05-10','7862 7377 5351 3407','2016-06-24 10:46:00',100644,580),(1309,'291 East 4603 South','District 10, Utopia, 40183','Lisa Robinson','MasterCard','2022-07-29','7051 8123 6733 4147','2013-02-23 10:05:00',107842,581),(1314,'8447 East 5555 North','District 126, Utopia, 13229','Dorothy Brown','Visa','2023-03-12','6520 6450 8494 8529','2016-05-18 14:43:00',103855,593),(1320,'8898 West 3289 North','District 286, Utopia, 48227','Karen Lee','MasterCard','2028-04-02','9015 3545 9771 6450','2013-02-09 00:32:00',87492,559),(1342,'4475 East 3502 North','District 185, Utopia, 34040','Patrick Anderson','Visa','2030-04-18','8217 1867 5088 8542','2021-10-10 00:23:00',48635,530),(1344,'1331 East 6998 North','District 291, Utopia, 19130','Jerry Allen','MasterCard','2029-05-15','8413 2309 7258 6763','2014-09-09 04:11:00',59328,561),(1345,'8959 East 6081 South','District 361, Utopia, 41263','Carol Thomas','Visa','2027-10-18','2587 9244 7148 3182','2021-07-17 11:42:00',49919,528),(1346,'7180 East 7220 North','District 230, Utopia, 14249','Barbara Martinez','Visa','2030-07-22','4195 3522 8684 8207','2019-04-13 15:49:00',150711,584),(1372,'2237 West 2143 South','District 195, Utopia, 44829','Lisa Robinson','Visa','2026-10-30','2597 7752 3296 8696','2012-02-08 01:19:00',61189,581),(1383,'7368 East 1926 South','District 407, Utopia, 40630','James Harris','MasterCard','2029-07-25','2707 8641 6440 4230','2019-01-02 11:42:00',153492,580),(1391,'6279 West 1744 North','District 300, Utopia, 25443','Jerry Allen','MasterCard','2027-12-17','7718 3920 7351 3886','2018-07-22 10:09:00',23848,561),(1395,'5096 West 1775 North','District 174, Utopia, 20404','Timothy Rodriguez','Visa','2023-03-05','9432 1664 7935 9474','2021-06-15 15:23:00',109286,529),(1397,'2591 East 1404 North','District 27, Utopia, 25623','Peter Brown','MasterCard','2024-04-17','8939 4847 3609 2166','2015-09-05 14:40:00',42827,576),(1403,'6462 West 2558 South','District 160, Utopia, 47150','Patrick Anderson','Visa','2029-08-09','8756 2495 7229 9051','2012-04-20 06:36:00',58249,530),(1404,'8446 West 2440 North','District 169, Utopia, 27851','Karen Lee','Visa','2027-05-11','8284 5417 4002 6101','2020-06-11 06:39:00',43320,559),(1409,'2407 West 5379 North','District 167, Utopia, 17643','Carol Thomas','Visa','2030-09-21','2422 2306 1996 4722','2018-05-18 18:13:00',34927,528),(1421,'2647 East 86 South','District 295, Utopia, 18775','Lisa Robinson','Visa','2031-12-24','7403 8989 5057 7993','2018-07-02 13:10:00',19902,581),(1422,'4831 East 8197 North','District 335, Utopia, 25644','Peter Brown','MasterCard','2025-02-18','6919 7818 1197 8267','2014-01-09 06:37:00',119680,576),(1433,'5209 East 1609 North','District 108, Utopia, 13278','Karen Lee','Visa','2023-06-18','9818 9585 8098 9473','2020-08-10 07:37:00',143716,559),(1437,'6720 East 8456 North','District 37, Utopia, 38653','Lisa Robinson','Visa','2027-03-29','4824 9549 9867 1514','2020-08-14 00:40:00',165828,581),(1438,'3218 West 4221 South','District 345, Utopia, 18209','Carol Thomas','MasterCard','2024-04-09','7566 5407 7460 4005','2012-05-16 04:24:00',99724,528),(1448,'1697 East 8617 South','District 285, Utopia, 21437','Peter Brown','Visa','2029-03-28','3532 8762 3947 7485','2014-02-09 13:15:00',55500,576);
/*!40000 ALTER TABLE `PERSISTENCEORDER` ENABLE KEYS */;
UNLOCK TABLES;

--
-- Table structure for table `PERSISTENCEORDERITEM`
--

DROP TABLE IF EXISTS `PERSISTENCEORDERITEM`;
/*!40101 SET @saved_cs_client     = @@character_set_client */;
/*!40101 SET character_set_client = utf8 */;
CREATE TABLE `PERSISTENCEORDERITEM` (
                                        `ID` bigint(20) NOT NULL,
                                        `QUANTITY` int(11) DEFAULT NULL,
                                        `UNITPRICEINCENTS` bigint(20) DEFAULT NULL,
                                        `ORDER_ID` bigint(20) DEFAULT NULL,
                                        `PRODUCT_ID` bigint(20) DEFAULT NULL,
                                        PRIMARY KEY (`ID`),
                                        KEY `FK_PERSISTENCEORDERITEM_ORDER_ID` (`ORDER_ID`),
                                        KEY `FK_PERSISTENCEORDERITEM_PRODUCT_ID` (`PRODUCT_ID`),
                                        CONSTRAINT `FK_PERSISTENCEORDERITEM_ORDER_ID` FOREIGN KEY (`ORDER_ID`) REFERENCES `PERSISTENCEORDER` (`ID`),
                                        CONSTRAINT `FK_PERSISTENCEORDERITEM_PRODUCT_ID` FOREIGN KEY (`PRODUCT_ID`) REFERENCES `PERSISTENCEPRODUCT` (`ID`)
) ENGINE=InnoDB DEFAULT CHARSET=latin1;
/*!40101 SET character_set_client = @saved_cs_client */;

--
-- Dumping data for table `PERSISTENCEORDERITEM`
--

LOCK TABLES `PERSISTENCEORDERITEM` WRITE;
/*!40000 ALTER TABLE `PERSISTENCEORDERITEM` DISABLE KEYS */;
INSERT INTO `PERSISTENCEORDERITEM` VALUES (623,2,8598,622,476),(624,6,8194,614,67),(625,2,10290,615,488),(626,3,1514,607,214),(627,2,2342,620,140),(628,2,5498,612,313),(629,2,9356,610,208),(630,5,1055,611,410),(631,4,11030,608,193),(632,3,1497,609,32),(633,3,9168,621,88),(634,5,4019,617,170),(635,1,6956,618,395),(636,6,10472,616,157),(637,1,1218,619,361),(638,0,8052,613,406),(639,2,7508,621,85),(640,2,671,617,137),(641,5,5060,620,72),(642,4,6304,622,156),(643,4,6956,612,395),(644,3,10601,614,94),(646,1,2919,622,129),(647,1,3526,611,275),(648,6,1346,621,68),(649,4,1667,610,216),(650,4,11828,620,73),(651,6,6670,616,107),(652,5,136,612,364),(653,4,435,617,138),(654,6,7688,608,296),(655,3,6115,615,453),(656,2,6821,618,268),(657,5,10975,613,387),(658,1,10601,621,94),(659,1,2919,622,129),(660,0,10655,620,20),(661,6,11084,610,288),(662,0,7688,611,296),(665,1,3712,645,351),(666,4,1700,612,398),(667,5,7218,618,213),(669,4,11828,621,73),(671,0,7602,645,335),(672,0,8300,608,139),(673,2,9391,663,187),(674,6,149,664,105),(675,6,753,610,228),(676,5,10949,613,319),(677,3,10156,615,451),(682,4,2103,664,307),(683,2,5667,613,318),(684,6,7228,610,269),(685,2,5219,615,473),(686,2,136,612,364),(687,0,5666,663,174),(688,1,2905,618,230),(689,0,7295,668,408),(690,0,5664,621,45),(691,5,10122,670,103),(692,0,11293,678,256),(693,1,7680,681,102),(696,4,6153,615,414),(697,3,10007,680,62),(698,4,2803,612,358),(699,3,3147,610,285),(700,0,5335,668,430),(701,6,9370,679,218),(702,5,7228,694,269),(703,1,3251,695,91),(704,6,3241,615,496),(705,0,3452,680,50),(706,6,10373,670,371),(713,2,11489,610,283),(714,0,8157,668,475),(715,2,5600,678,191),(716,6,10122,680,103),(717,0,10122,695,103),(718,0,203,679,222),(721,1,10500,710,162),(722,3,8561,712,428),(723,4,1514,707,214),(724,2,8142,694,244),(725,6,3744,709,176),(726,1,4673,708,229),(727,1,5060,680,72),(728,2,11589,711,227),(733,1,7962,712,443),(734,0,6670,709,107),(735,0,4146,694,246),(736,1,1546,695,48),(737,4,3317,679,370),(738,6,5219,720,473),(739,4,9072,707,184),(740,5,6864,719,83),(741,6,10464,711,284),(743,2,7688,729,296),(744,1,7602,730,335),(745,0,9020,731,500),(746,6,8483,732,93),(749,5,7688,711,296),(750,5,3451,719,30),(751,4,6222,720,505),(754,4,5802,742,41),(755,6,436,729,273),(756,5,3353,747,353),(757,6,3082,748,400),(758,3,992,730,396),(759,3,8958,732,90),(760,5,2276,712,429),(761,1,638,719,44),(762,3,11181,711,254),(763,1,5335,731,430),(764,4,8300,707,139),(765,0,264,694,247),(766,4,2856,695,31),(767,6,11751,720,424),(768,3,10472,742,157),(769,6,9373,729,297),(770,6,5667,747,318),(771,5,7004,730,375),(772,5,3243,707,196),(773,1,6513,748,326),(774,5,2240,711,301),(775,4,2599,753,379),(776,3,2826,752,466),(777,4,4024,720,441),(778,2,3294,732,168),(784,2,4322,729,219),(785,1,3274,742,116),(786,1,580,707,166),(787,5,580,752,166),(788,4,2276,720,429),(789,4,10979,753,47),(790,4,9168,780,88),(791,6,5439,782,493),(792,6,11636,781,51),(793,1,2969,779,238),(794,2,1130,783,298),(798,3,4995,732,64),(802,1,8175,796,311),(803,3,2098,797,377),(804,1,6443,795,194),(806,2,3142,779,239),(807,4,1792,781,74),(808,3,9356,799,208),(809,5,5032,783,242),(810,0,11313,752,206),(811,0,986,753,95),(812,6,11042,720,415),(813,6,11181,800,254),(814,0,11828,780,73),(815,0,1218,782,361),(817,2,9072,795,184),(818,5,6760,799,287),(819,4,807,781,59),(820,3,8580,797,354),(821,5,6517,783,243),(822,6,9289,720,448),(823,2,6053,805,329),(824,5,2458,796,339),(825,0,98,800,251),(826,3,3916,779,240),(827,6,7946,801,474),(828,5,10156,782,451),(829,2,148,780,55),(832,0,10742,816,34),(833,5,4322,800,219),(834,4,10251,805,344),(835,5,6273,783,281),(836,5,8837,782,457),(837,2,11690,781,56),(838,5,10457,796,330),(839,2,3899,801,440),(840,0,3082,830,400),(841,3,9216,831,266),(843,2,9227,797,312),(844,4,6659,799,306),(845,3,10156,801,451),(846,6,8760,816,87),(847,6,8293,781,52),(848,2,3597,796,308),(849,2,4807,782,459),(850,4,8235,783,248),(851,1,2920,800,257),(855,1,1073,831,501),(856,2,3317,830,370),(857,3,5186,805,341),(858,3,6115,782,453),(859,4,8142,799,244),(860,6,11497,783,260),(861,3,2774,797,255),(862,0,10280,842,172),(867,2,223,842,188),(868,6,992,799,277),(869,4,10457,852,330),(870,2,4409,830,333),(871,0,1948,831,471),(872,5,8489,853,250),(873,5,11458,854,381),(878,1,1057,863,446),(879,6,6273,864,281),(881,3,3451,865,30),(882,1,2803,830,358),(883,4,6273,799,281),(884,4,5032,877,242),(885,6,9417,863,431),(886,1,4618,854,133),(887,4,7075,853,271),(888,5,11859,874,155),(889,1,11886,852,345),(890,0,4098,876,180),(892,6,8958,865,90),(893,3,10893,863,479),(894,4,2665,854,130),(895,3,1018,866,113),(896,1,10601,880,11),(897,3,3712,830,351),(898,4,10280,842,172),(899,3,4613,875,76),(900,3,8244,877,112),(902,1,1335,874,126),(903,5,4455,880,84),(904,0,3452,866,50),(905,1,10991,854,152),(906,2,12087,891,154),(908,3,4281,877,209),(909,4,6254,852,391),(910,3,7508,865,85),(911,2,2411,876,143),(912,5,10290,875,488),(917,4,6956,907,395),(918,1,11293,866,256),(919,6,10949,891,319),(920,2,2599,876,379),(921,2,12048,854,249),(922,1,8547,880,53),(923,5,10217,877,224),(924,5,8299,875,455),(925,4,4073,865,23),(926,3,1725,874,412),(927,3,113,852,373),(928,0,5275,901,33),(929,5,348,915,108),(930,2,8566,916,207),(931,1,5011,913,299),(932,2,3555,914,241),(933,5,12087,891,154),(934,3,9398,880,18),(935,2,10487,875,495),(936,1,2187,865,8),(937,1,5000,854,145),(938,0,7014,876,167),(939,2,3147,877,285),(940,1,8730,901,304),(941,3,10487,874,495),(944,1,2905,914,230),(945,1,8937,875,419),(946,4,4281,916,209),(947,6,10655,880,20),(948,1,5856,915,160),(950,0,11589,913,227),(951,2,1346,901,68),(952,1,11201,913,261),(953,0,3241,949,496),(955,2,700,943,416),(957,5,11242,942,403),(958,1,8188,875,438),(959,3,959,916,286),(960,6,11489,914,283),(961,1,3451,880,30),(964,1,5045,874,461),(965,2,11589,877,227),(967,2,9203,949,458),(968,1,4618,956,133),(969,3,10217,877,224),(970,6,9216,962,266),(971,3,11949,942,13),(972,5,9653,954,315),(973,0,7218,914,213),(974,1,10217,966,224),(975,1,7152,880,82),(976,0,10923,963,290),(983,5,5060,962,72),(984,4,8142,963,244),(985,6,2342,956,140),(986,0,8486,966,134),(987,3,6956,942,395),(989,4,4119,977,464),(994,3,6659,963,306),(995,6,10979,978,47),(996,0,3598,982,61),(997,1,11101,980,151),(998,5,9653,979,315),(999,2,12087,981,154),(1000,5,10640,942,347),(1001,6,4380,977,434),(1002,3,5045,992,461),(1004,1,3598,990,61),(1005,6,1387,993,38),(1006,0,4776,981,203),(1007,3,5125,978,42),(1008,2,5687,979,397),(1009,2,5125,982,42),(1010,5,2342,980,140),(1011,6,6153,991,414),(1012,6,8142,963,244),(1013,2,3999,966,205),(1014,5,11331,988,78),(1015,4,5856,956,160),(1016,5,11535,942,316),(1017,3,1055,977,410),(1018,6,9072,980,184),(1019,1,9370,963,218),(1020,6,10290,992,488),(1021,5,3082,990,400),(1022,4,8561,991,428),(1023,0,5839,981,146),(1024,3,7508,978,85),(1025,1,7137,982,54),(1026,2,7938,993,97),(1027,0,5841,979,276),(1028,4,6115,956,453),(1029,1,1480,1003,142),(1030,6,6906,988,124),(1033,5,11636,978,51),(1034,5,8958,982,90),(1035,3,415,1003,36),(1036,3,10007,990,62),(1037,5,4112,993,26),(1038,5,8200,980,310),(1039,6,8937,992,419),(1040,3,9817,988,15),(1041,1,6112,981,25),(1042,4,10209,991,489),(1047,5,7508,982,85),(1048,1,11628,1032,487),(1049,1,7639,978,75),(1050,2,223,1031,188),(1051,5,1519,988,10),(1052,4,11828,1045,73),(1053,2,4196,992,100),(1054,6,9154,1003,63),(1057,3,3976,991,472),(1059,3,4112,990,26),(1060,2,2856,1043,31),(1061,6,6864,982,83),(1062,6,7823,1031,484),(1063,2,4582,1044,357),(1064,6,10542,978,486),(1065,3,1172,1046,190),(1066,6,10847,1045,372),(1068,5,9054,991,494),(1069,2,3950,1044,383),(1070,5,1557,1046,159),(1071,2,9022,1056,417),(1072,0,4187,1031,444),(1073,3,11810,1058,35),(1074,6,5841,1055,276),(1075,6,9168,1043,88),(1076,3,2179,992,454),(1077,4,1519,982,10),(1078,3,2310,1045,24),(1083,2,7644,992,423),(1084,2,4112,1043,26),(1085,0,5569,1058,9),(1086,3,7376,1044,278),(1087,2,8730,1055,304),(1088,2,6304,1046,156),(1089,3,4024,1056,441),(1090,3,7688,1067,296),(1094,2,11690,1058,56),(1095,0,3854,1043,211),(1096,3,8157,992,475),(1097,3,1546,1080,48),(1098,4,8200,1081,310),(1099,1,9720,1079,262),(1100,1,4281,1082,209),(1104,4,8641,1082,177),(1105,1,3712,1093,163),(1108,4,8361,1091,117),(1109,2,3144,1058,77),(1110,1,3420,1092,220),(1111,2,9429,1079,221),(1112,2,4179,1080,456),(1113,6,11101,1081,151),(1114,3,1910,1067,497),(1115,0,10263,1055,265),(1116,4,10847,1044,372),(1117,1,435,1058,138),(1118,2,10979,1082,421),(1119,6,1055,1080,410),(1120,0,12048,1092,249),(1121,3,8483,1103,93),(1122,5,8105,1044,368),(1123,0,1193,1055,121),(1124,3,6681,1091,360),(1125,6,7065,1067,355),(1126,4,6524,1081,161),(1127,5,6828,1102,267),(1128,2,2733,1107,131),(1129,5,11869,1101,460),(1130,2,8194,1106,67),(1132,4,8142,1092,244),(1133,6,7823,1080,484),(1137,5,6254,1044,391),(1138,2,8483,1103,93),(1139,0,9168,1102,88),(1140,0,1948,1101,471),(1141,6,4582,1067,357),(1142,2,3012,1055,245),(1143,1,1240,1091,309),(1144,2,5600,1081,191),(1145,3,11181,1092,254),(1146,1,3999,1131,205),(1147,5,8641,1106,177),(1149,1,7150,1091,118),(1150,5,3317,1136,370),(1151,5,8300,1055,139),(1152,5,2733,1067,131),(1154,6,10156,1101,451),(1155,2,1497,1135,32),(1156,2,436,1102,273),(1157,3,8052,1044,406),(1159,6,4673,1134,229),(1160,2,3746,1091,135),(1161,4,6229,1092,164),(1162,5,9311,1131,201),(1163,2,9311,1148,201),(1166,4,9370,1102,218),(1167,1,1057,1101,446),(1168,4,7602,1067,335),(1169,3,615,1153,282),(1171,6,9154,1135,63),(1172,2,11293,1134,256),(1173,2,435,1148,138),(1174,0,7658,1131,119),(1175,2,1725,1158,412),(1176,6,4839,1091,111),(1178,0,4322,1153,219),(1179,3,4613,1165,76),(1180,6,4807,1164,459),(1183,2,7962,1158,443),(1184,3,415,1135,36),(1185,5,10457,1148,330),(1186,1,10294,1134,374),(1187,5,9020,1170,500),(1191,1,8730,1153,304),(1192,6,10007,1165,62),(1193,6,7823,1164,484),(1194,1,1583,1177,235),(1195,0,4594,1091,148),(1197,4,8652,1135,39),(1198,1,1224,1181,40),(1199,3,11925,1182,490),(1200,0,264,1177,247),(1201,2,10017,1164,442),(1202,6,3899,1196,440),(1203,0,2179,1182,454),(1204,3,6112,1135,25),(1205,0,4613,1181,76),(1209,3,6112,1189,25),(1210,3,3523,1170,21),(1212,2,994,1188,427),(1213,0,10156,1190,451),(1214,6,1866,1158,418),(1215,5,3147,1177,285),(1217,6,7823,1164,484),(1218,6,7150,1211,118),(1219,2,1057,1196,446),(1220,6,9761,1158,478),(1221,4,3899,1190,440),(1222,0,9568,1189,264),(1223,2,4179,1206,456),(1224,0,8760,1135,87),(1225,6,3658,1207,359),(1226,5,6787,1208,386),(1227,4,807,1170,59),(1228,1,5427,1216,385),(1233,1,4179,1190,456),(1234,2,9022,1206,417),(1235,2,4117,1211,185),(1236,6,8299,1164,455),(1237,6,10847,1207,372),(1238,4,2458,1208,339),(1239,5,10217,1189,224),(1240,5,11886,1216,345),(1241,0,8052,1231,406),(1242,0,8551,1230,322),(1243,0,10244,1229,302),(1248,2,9203,1206,458),(1249,3,9417,1190,431),(1250,5,4409,1208,333),(1251,1,8175,1207,311),(1252,3,8561,1230,428),(1253,2,10397,1229,253),(1254,6,2458,1231,339),(1256,0,7177,1211,199),(1257,5,8478,1216,175),(1258,0,3555,1232,241),(1259,0,264,1189,247),(1260,5,4079,1190,411),(1261,1,9311,1245,201),(1262,4,11925,1206,490),(1263,2,7065,1208,355),(1264,2,285,1247,263),(1265,1,4750,1246,425),(1266,4,4245,1244,210),(1267,2,1218,1207,361),(1268,4,5507,1230,366),(1269,2,9575,1231,352),(1270,0,11201,1232,261),(1271,0,7658,1211,119),(1272,0,3082,1216,400),(1273,4,4146,1229,246),(1274,1,9216,1244,266),(1275,0,7014,1245,167),(1276,3,3147,1255,285),(1277,1,11084,1189,288),(1278,5,5498,1208,313),(1279,3,8402,1246,69),(1280,3,10487,1190,495),(1281,1,5498,1231,313),(1282,2,4778,1207,356),(1285,3,3712,1211,163),(1286,5,5711,1216,343),(1287,4,947,1229,217),(1288,6,9824,1255,305),(1289,4,192,1244,477),(1291,6,8561,1190,428),(1292,2,3760,1208,376),(1293,5,6925,1246,449),(1294,6,2826,1232,466),(1295,4,3167,1189,259),(1297,0,11181,1284,254),(1298,1,8194,1283,67),(1301,1,3012,1255,245),(1302,3,4003,1283,141),(1303,4,203,1296,222),(1306,3,753,1284,228),(1310,3,3451,1290,30),(1311,0,1480,1244,142),(1312,4,2826,1246,466),(1313,5,3420,1229,220),(1315,3,5219,1299,473),(1316,6,1098,1300,390),(1317,3,6828,1255,267),(1318,2,9216,1309,266),(1319,0,9761,1296,478),(1321,6,4119,1246,464),(1322,3,10209,1305,489),(1323,1,6115,1284,453),(1324,3,2856,1308,31),(1325,6,9758,1300,327),(1326,0,8705,1307,324),(1327,2,7728,1290,46),(1328,4,4062,1304,294),(1329,1,4776,1244,203),(1330,6,8489,1229,250),(1331,1,8875,1314,389),(1332,3,947,1255,217),(1333,3,7728,1309,46),(1334,0,9575,1307,352),(1335,2,12048,1244,249),(1336,1,10244,1304,302),(1337,5,11713,1284,274),(1338,0,1218,1320,361),(1339,3,1041,1290,43),(1340,1,4783,1314,336),(1341,3,11260,1308,28),(1343,1,11331,1309,78),(1347,3,4995,1290,64),(1348,4,3950,1314,383),(1349,0,11293,1244,256),(1350,1,8566,1304,207),(1351,6,9416,1308,16),(1352,5,10979,1309,47),(1353,5,3760,1320,376),(1354,5,8551,1307,322),(1355,0,7295,1342,408),(1356,3,3999,1346,205),(1357,0,1098,1345,390),(1358,1,3840,1304,226),(1359,3,1194,1344,393),(1360,6,7020,1290,57),(1361,0,4939,1314,402),(1362,2,7907,1320,332),(1363,4,11030,1346,193),(1364,4,8730,1304,304),(1365,1,1700,1314,398),(1366,0,9227,1307,312),(1367,2,10483,1344,338),(1368,3,9700,1290,12),(1369,2,1064,1342,492),(1370,4,450,1308,81),(1371,5,1194,1345,393),(1373,5,8052,1320,406),(1374,5,6956,1344,395),(1375,5,10483,1314,338),(1376,1,7004,1307,375),(1377,3,11925,1342,490),(1378,0,11859,1346,155),(1379,3,9072,1290,184),(1380,4,7147,1345,367),(1381,3,5503,1372,189),(1382,0,1216,1320,325),(1384,4,4839,1346,111),(1385,1,5687,1314,314),(1386,0,2370,1307,399),(1387,1,10732,1342,60),(1388,1,3274,1345,116),(1389,1,6982,1372,204),(1390,2,6309,1320,323),(1392,5,2919,1314,129),(1393,2,6309,1383,323),(1394,0,4004,1346,178),(1396,1,12087,1345,154),(1398,5,6670,1346,107),(1399,2,4187,1383,444),(1400,2,8063,1372,110),(1401,3,5687,1391,314),(1402,3,6112,1395,25),(1405,4,10472,1346,157),(1406,4,3454,1383,462),(1407,1,10979,1397,421),(1408,2,10786,1372,14),(1410,4,5045,1383,461),(1411,4,7962,1397,443),(1412,5,10742,1395,34),(1413,3,4783,1403,336),(1414,1,6787,1391,386),(1415,6,1172,1404,190),(1416,2,285,1409,263),(1417,0,10251,1403,344),(1418,6,7823,1383,484),(1419,0,6772,1404,182),(1420,2,6309,1395,323),(1423,4,9072,1404,184),(1424,2,2826,1383,466),(1425,3,7688,1409,296),(1426,1,7508,1395,85),(1427,4,10975,1403,387),(1428,6,3317,1421,370),(1429,1,11293,1409,256),(1430,4,10979,1422,47),(1431,1,148,1395,55),(1432,6,1057,1383,446),(1434,2,1224,1422,40),(1435,2,8483,1395,93),(1436,4,9893,1383,469),(1439,2,9154,1422,63),(1440,3,4618,1433,133),(1441,6,9168,1422,88),(1442,4,4839,1438,111),(1443,4,6014,1437,435),(1444,3,8488,1433,289),(1445,2,9610,1438,392),(1446,3,5169,1433,147),(1447,2,4079,1437,411),(1449,1,5666,1433,174),(1450,4,1055,1437,410),(1451,6,6837,1438,394),(1452,5,1057,1437,446),(1453,3,8699,1433,122),(1454,1,10017,1448,442),(1455,1,2716,1438,321),(1456,4,6222,1448,505),(1457,2,1064,1437,492),(1458,3,4776,1433,203),(1459,2,8705,1438,324),(1460,5,4119,1448,464),(1461,4,10500,1433,162),(1462,6,11181,1437,254),(1463,5,10979,1437,421),(1464,4,200,1433,202);
/*!40000 ALTER TABLE `PERSISTENCEORDERITEM` ENABLE KEYS */;
UNLOCK TABLES;

--
-- Table structure for table `PERSISTENCEPRODUCT`
--

DROP TABLE IF EXISTS `PERSISTENCEPRODUCT`;
/*!40101 SET @saved_cs_client     = @@character_set_client */;
/*!40101 SET character_set_client = utf8 */;
CREATE TABLE `PERSISTENCEPRODUCT` (
                                      `ID` bigint(20) NOT NULL,
                                      `DESCRIPTION` longtext DEFAULT NULL,
                                      `LISTPRICEINCENTS` bigint(20) DEFAULT NULL,
                                      `NAME` varchar(100) DEFAULT NULL,
                                      `CATEGORY_ID` bigint(20) DEFAULT NULL,
                                      PRIMARY KEY (`ID`),
                                      KEY `FK_PERSISTENCEPRODUCT_CATEGORY_ID` (`CATEGORY_ID`),
                                      CONSTRAINT `FK_PERSISTENCEPRODUCT_CATEGORY_ID` FOREIGN KEY (`CATEGORY_ID`) REFERENCES `PERSISTENCECATEGORY` (`ID`)
) ENGINE=InnoDB DEFAULT CHARSET=latin1;
/*!40101 SET character_set_client = @saved_cs_client */;

--
-- Dumping data for table `PERSISTENCEPRODUCT`
--

LOCK TABLES `PERSISTENCEPRODUCT` WRITE;
/*!40000 ALTER TABLE `PERSISTENCEPRODUCT` DISABLE KEYS */;
INSERT INTO `PERSISTENCEPRODUCT` VALUES (7,'Great Black Tea: Earl Grey (loose)',7582,'Earl Grey (loose)',2),(8,'Great Black Tea: Assam (loose)',2187,'Assam (loose)',2),(9,'Great Black Tea: Darjeeling (loose)',5569,'Darjeeling (loose)',2),(10,'Great Black Tea: Frisian Black Tee (loose)',1519,'Frisian Black Tee (loose)',2),(11,'Great Black Tea: Anatolian Assam (loose)',10601,'Anatolian Assam (loose)',2),(12,'Great Black Tea: Earl Grey (20 bags)',9700,'Earl Grey (20 bags)',2),(13,'Great Black Tea: Assam (20 bags)',11949,'Assam (20 bags)',2),(14,'Great Black Tea: Darjeeling (20 bags)',10786,'Darjeeling (20 bags)',2),(15,'Great Black Tea: Ceylon (loose)',9817,'Ceylon (loose)',2),(16,'Great Black Tea: Ceylon (20 bags)',9416,'Ceylon (20 bags)',2),(17,'Great Black Tea: House blend (20 bags)',5926,'House blend (20 bags)',2),(18,'Great Black Tea: Assam with Ginger (20 bags)',9398,'Assam with Ginger (20 bags)',2),(19,'Great Black Tea: Earl Grey (loose)',4842,'Earl Grey (loose), v1',2),(20,'Great Black Tea: Assam (loose)',10655,'Assam (loose), v1',2),(21,'Great Black Tea: Darjeeling (loose)',3523,'Darjeeling (loose), v1',2),(22,'Great Black Tea: Frisian Black Tee (loose)',10185,'Frisian Black Tee (loose), v1',2),(23,'Great Black Tea: Anatolian Assam (loose)',4073,'Anatolian Assam (loose), v1',2),(24,'Great Black Tea: Earl Grey (20 bags)',2310,'Earl Grey (20 bags), v1',2),(25,'Great Black Tea: Assam (20 bags)',6112,'Assam (20 bags), v1',2),(26,'Great Black Tea: Darjeeling (20 bags)',4112,'Darjeeling (20 bags), v1',2),(27,'Great Black Tea: Ceylon (loose)',10403,'Ceylon (loose), v1',2),(28,'Great Black Tea: Ceylon (20 bags)',11260,'Ceylon (20 bags), v1',2),(29,'Great Black Tea: House blend (20 bags)',8903,'House blend (20 bags), v1',2),(30,'Great Black Tea: Assam with Ginger (20 bags)',3451,'Assam with Ginger (20 bags), v1',2),(31,'Great Black Tea: Earl Grey (loose)',2856,'Earl Grey (loose), v2',2),(32,'Great Black Tea: Assam (loose)',1497,'Assam (loose), v2',2),(33,'Great Black Tea: Darjeeling (loose)',5275,'Darjeeling (loose), v2',2),(34,'Great Black Tea: Frisian Black Tee (loose)',10742,'Frisian Black Tee (loose), v2',2),(35,'Great Black Tea: Anatolian Assam (loose)',11810,'Anatolian Assam (loose), v2',2),(36,'Great Black Tea: Earl Grey (20 bags)',415,'Earl Grey (20 bags), v2',2),(37,'Great Black Tea: Assam (20 bags)',2784,'Assam (20 bags), v2',2),(38,'Great Black Tea: Darjeeling (20 bags)',1387,'Darjeeling (20 bags), v2',2),(39,'Great Black Tea: Ceylon (loose)',8652,'Ceylon (loose), v2',2),(40,'Great Black Tea: Ceylon (20 bags)',1224,'Ceylon (20 bags), v2',2),(41,'Great Black Tea: House blend (20 bags)',5802,'House blend (20 bags), v2',2),(42,'Great Black Tea: Assam with Ginger (20 bags)',5125,'Assam with Ginger (20 bags), v2',2),(43,'Great Black Tea: Earl Grey (loose)',1041,'Earl Grey (loose), v3',2),(44,'Great Black Tea: Assam (loose)',638,'Assam (loose), v3',2),(45,'Great Black Tea: Darjeeling (loose)',5664,'Darjeeling (loose), v3',2),(46,'Great Black Tea: Frisian Black Tee (loose)',7728,'Frisian Black Tee (loose), v3',2),(47,'Great Black Tea: Anatolian Assam (loose)',10979,'Anatolian Assam (loose), v3',2),(48,'Great Black Tea: Earl Grey (20 bags)',1546,'Earl Grey (20 bags), v3',2),(49,'Great Black Tea: Assam (20 bags)',9965,'Assam (20 bags), v3',2),(50,'Great Black Tea: Darjeeling (20 bags)',3452,'Darjeeling (20 bags), v3',2),(51,'Great Black Tea: Ceylon (loose)',11636,'Ceylon (loose), v3',2),(52,'Great Black Tea: Ceylon (20 bags)',8293,'Ceylon (20 bags), v3',2),(53,'Great Black Tea: House blend (20 bags)',8547,'House blend (20 bags), v3',2),(54,'Great Black Tea: Assam with Ginger (20 bags)',7137,'Assam with Ginger (20 bags), v3',2),(55,'Great Black Tea: Earl Grey (loose)',148,'Earl Grey (loose), v4',2),(56,'Great Black Tea: Assam (loose)',11690,'Assam (loose), v4',2),(57,'Great Black Tea: Darjeeling (loose)',7020,'Darjeeling (loose), v4',2),(58,'Great Black Tea: Frisian Black Tee (loose)',7900,'Frisian Black Tee (loose), v4',2),(59,'Great Black Tea: Anatolian Assam (loose)',807,'Anatolian Assam (loose), v4',2),(60,'Great Black Tea: Earl Grey (20 bags)',10732,'Earl Grey (20 bags), v4',2),(61,'Great Black Tea: Assam (20 bags)',3598,'Assam (20 bags), v4',2),(62,'Great Black Tea: Darjeeling (20 bags)',10007,'Darjeeling (20 bags), v4',2),(63,'Great Black Tea: Ceylon (loose)',9154,'Ceylon (loose), v4',2),(64,'Great Black Tea: Ceylon (20 bags)',4995,'Ceylon (20 bags), v4',2),(65,'Great Black Tea: House blend (20 bags)',2042,'House blend (20 bags), v4',2),(66,'Great Black Tea: Assam with Ginger (20 bags)',3526,'Assam with Ginger (20 bags), v4',2),(67,'Great Black Tea: Earl Grey (loose)',8194,'Earl Grey (loose), v5',2),(68,'Great Black Tea: Assam (loose)',1346,'Assam (loose), v5',2),(69,'Great Black Tea: Darjeeling (loose)',8402,'Darjeeling (loose), v5',2),(70,'Great Black Tea: Frisian Black Tee (loose)',9421,'Frisian Black Tee (loose), v5',2),(71,'Great Black Tea: Anatolian Assam (loose)',393,'Anatolian Assam (loose), v5',2),(72,'Great Black Tea: Earl Grey (20 bags)',5060,'Earl Grey (20 bags), v5',2),(73,'Great Black Tea: Assam (20 bags)',11828,'Assam (20 bags), v5',2),(74,'Great Black Tea: Darjeeling (20 bags)',1792,'Darjeeling (20 bags), v5',2),(75,'Great Black Tea: Ceylon (loose)',7639,'Ceylon (loose), v5',2),(76,'Great Black Tea: Ceylon (20 bags)',4613,'Ceylon (20 bags), v5',2),(77,'Great Black Tea: House blend (20 bags)',3144,'House blend (20 bags), v5',2),(78,'Great Black Tea: Assam with Ginger (20 bags)',11331,'Assam with Ginger (20 bags), v5',2),(79,'Great Black Tea: Earl Grey (loose)',6753,'Earl Grey (loose), v6',2),(80,'Great Black Tea: Assam (loose)',6125,'Assam (loose), v6',2),(81,'Great Black Tea: Darjeeling (loose)',450,'Darjeeling (loose), v6',2),(82,'Great Black Tea: Frisian Black Tee (loose)',7152,'Frisian Black Tee (loose), v6',2),(83,'Great Black Tea: Anatolian Assam (loose)',6864,'Anatolian Assam (loose), v6',2),(84,'Great Black Tea: Earl Grey (20 bags)',4455,'Earl Grey (20 bags), v6',2),(85,'Great Black Tea: Assam (20 bags)',7508,'Assam (20 bags), v6',2),(86,'Great Black Tea: Darjeeling (20 bags)',5494,'Darjeeling (20 bags), v6',2),(87,'Great Black Tea: Ceylon (loose)',8760,'Ceylon (loose), v6',2),(88,'Great Black Tea: Ceylon (20 bags)',9168,'Ceylon (20 bags), v6',2),(89,'Great Black Tea: House blend (20 bags)',1779,'House blend (20 bags), v6',2),(90,'Great Black Tea: Assam with Ginger (20 bags)',8958,'Assam with Ginger (20 bags), v6',2),(91,'Great Black Tea: Earl Grey (loose)',3251,'Earl Grey (loose), v7',2),(92,'Great Black Tea: Assam (loose)',6186,'Assam (loose), v7',2),(93,'Great Black Tea: Darjeeling (loose)',8483,'Darjeeling (loose), v7',2),(94,'Great Black Tea: Frisian Black Tee (loose)',10601,'Frisian Black Tee (loose), v7',2),(95,'Great Black Tea: Anatolian Assam (loose)',986,'Anatolian Assam (loose), v7',2),(96,'Great Black Tea: Earl Grey (20 bags)',2832,'Earl Grey (20 bags), v7',2),(97,'Great Black Tea: Assam (20 bags)',7938,'Assam (20 bags), v7',2),(98,'Great Black Tea: Darjeeling (20 bags)',9206,'Darjeeling (20 bags), v7',2),(99,'Great Black Tea: Ceylon (loose)',7295,'Ceylon (loose), v7',2),(100,'Great Black Tea: Ceylon (20 bags)',4196,'Ceylon (20 bags), v7',2),(101,'Great Black Tea: House blend (20 bags)',7695,'House blend (20 bags), v7',2),(102,'Great Black Tea: Assam with Ginger (20 bags)',7680,'Assam with Ginger (20 bags), v7',2),(103,'Great Black Tea: Earl Grey (loose)',10122,'Earl Grey (loose), v8',2),(104,'Great Black Tea: Assam (loose)',2564,'Assam (loose), v8',2),(105,'Great Black Tea: Darjeeling (loose)',149,'Darjeeling (loose), v8',2),(106,'Great Black Tea: Frisian Black Tee (loose)',5155,'Frisian Black Tee (loose), v8',2),(107,'Great Green Tea: Sencha (loose)',6670,'Sencha (loose)',3),(108,'Great Green Tea: Sencha (15 bags)',348,'Sencha (15 bags)',3),(109,'Great Green Tea: Sencha (25 bags)',10935,'Sencha (25 bags)',3),(110,'Great Green Tea: Earl Grey Green (loose)',8063,'Earl Grey Green (loose)',3),(111,'Great Green Tea: Earl Grey Green (15 bags)',4839,'Earl Grey Green (15 bags)',3),(112,'Great Green Tea: Earl Grey Green (25 bags)',8244,'Earl Grey Green (25 bags)',3),(113,'Great Green Tea: Matcha 30 g',1018,'Matcha 30 g',3),(114,'Great Green Tea: Matcha 50 g',565,'Matcha 50 g',3),(115,'Great Green Tea: Matcha 100 g',11859,'Matcha 100 g',3),(116,'Great Green Tea: Gunpowder Tea (loose)',3274,'Gunpowder Tea (loose)',3),(117,'Great Green Tea: Gunpowder Tea (15 bags)',8361,'Gunpowder Tea (15 bags)',3),(118,'Great Green Tea: Gunpowder Tea (25 bags)',7150,'Gunpowder Tea (25 bags)',3),(119,'Great Green Tea: Sencha (loose)',7658,'Sencha (loose), v1',3),(120,'Great Green Tea: Sencha (15 bags)',8123,'Sencha (15 bags), v1',3),(121,'Great Green Tea: Sencha (25 bags)',1193,'Sencha (25 bags), v1',3),(122,'Great Green Tea: Earl Grey Green (loose)',8699,'Earl Grey Green (loose), v1',3),(123,'Great Green Tea: Earl Grey Green (15 bags)',7483,'Earl Grey Green (15 bags), v1',3),(124,'Great Green Tea: Earl Grey Green (25 bags)',6906,'Earl Grey Green (25 bags), v1',3),(125,'Great Green Tea: Matcha 30 g',8538,'Matcha 30 g, v1',3),(126,'Great Green Tea: Matcha 50 g',1335,'Matcha 50 g, v1',3),(127,'Great Green Tea: Matcha 100 g',9348,'Matcha 100 g, v1',3),(128,'Great Green Tea: Gunpowder Tea (loose)',11619,'Gunpowder Tea (loose), v1',3),(129,'Great Green Tea: Gunpowder Tea (15 bags)',2919,'Gunpowder Tea (15 bags), v1',3),(130,'Great Green Tea: Gunpowder Tea (25 bags)',2665,'Gunpowder Tea (25 bags), v1',3),(131,'Great Green Tea: Sencha (loose)',2733,'Sencha (loose), v2',3),(132,'Great Green Tea: Sencha (15 bags)',7913,'Sencha (15 bags), v2',3),(133,'Great Green Tea: Sencha (25 bags)',4618,'Sencha (25 bags), v2',3),(134,'Great Green Tea: Earl Grey Green (loose)',8486,'Earl Grey Green (loose), v2',3),(135,'Great Green Tea: Earl Grey Green (15 bags)',3746,'Earl Grey Green (15 bags), v2',3),(136,'Great Green Tea: Earl Grey Green (25 bags)',9387,'Earl Grey Green (25 bags), v2',3),(137,'Great Green Tea: Matcha 30 g',671,'Matcha 30 g, v2',3),(138,'Great Green Tea: Matcha 50 g',435,'Matcha 50 g, v2',3),(139,'Great Green Tea: Matcha 100 g',8300,'Matcha 100 g, v2',3),(140,'Great Green Tea: Gunpowder Tea (loose)',2342,'Gunpowder Tea (loose), v2',3),(141,'Great Green Tea: Gunpowder Tea (15 bags)',4003,'Gunpowder Tea (15 bags), v2',3),(142,'Great Green Tea: Gunpowder Tea (25 bags)',1480,'Gunpowder Tea (25 bags), v2',3),(143,'Great Green Tea: Sencha (loose)',2411,'Sencha (loose), v3',3),(144,'Great Green Tea: Sencha (15 bags)',100,'Sencha (15 bags), v3',3),(145,'Great Green Tea: Sencha (25 bags)',5000,'Sencha (25 bags), v3',3),(146,'Great Green Tea: Earl Grey Green (loose)',5839,'Earl Grey Green (loose), v3',3),(147,'Great Green Tea: Earl Grey Green (15 bags)',5169,'Earl Grey Green (15 bags), v3',3),(148,'Great Green Tea: Earl Grey Green (25 bags)',4594,'Earl Grey Green (25 bags), v3',3),(149,'Great Green Tea: Matcha 30 g',6968,'Matcha 30 g, v3',3),(150,'Great Green Tea: Matcha 50 g',3660,'Matcha 50 g, v3',3),(151,'Great Green Tea: Matcha 100 g',11101,'Matcha 100 g, v3',3),(152,'Great Green Tea: Gunpowder Tea (loose)',10991,'Gunpowder Tea (loose), v3',3),(153,'Great Green Tea: Gunpowder Tea (15 bags)',10884,'Gunpowder Tea (15 bags), v3',3),(154,'Great Green Tea: Gunpowder Tea (25 bags)',12087,'Gunpowder Tea (25 bags), v3',3),(155,'Great Green Tea: Sencha (loose)',11859,'Sencha (loose), v4',3),(156,'Great Green Tea: Sencha (15 bags)',6304,'Sencha (15 bags), v4',3),(157,'Great Green Tea: Sencha (25 bags)',10472,'Sencha (25 bags), v4',3),(158,'Great Green Tea: Earl Grey Green (loose)',1636,'Earl Grey Green (loose), v4',3),(159,'Great Green Tea: Earl Grey Green (15 bags)',1557,'Earl Grey Green (15 bags), v4',3),(160,'Great Green Tea: Earl Grey Green (25 bags)',5856,'Earl Grey Green (25 bags), v4',3),(161,'Great Green Tea: Matcha 30 g',6524,'Matcha 30 g, v4',3),(162,'Great Green Tea: Matcha 50 g',10500,'Matcha 50 g, v4',3),(163,'Great Green Tea: Matcha 100 g',3712,'Matcha 100 g, v4',3),(164,'Great Green Tea: Gunpowder Tea (loose)',6229,'Gunpowder Tea (loose), v4',3),(165,'Great Green Tea: Gunpowder Tea (15 bags)',11577,'Gunpowder Tea (15 bags), v4',3),(166,'Great Green Tea: Gunpowder Tea (25 bags)',580,'Gunpowder Tea (25 bags), v4',3),(167,'Great Green Tea: Sencha (loose)',7014,'Sencha (loose), v5',3),(168,'Great Green Tea: Sencha (15 bags)',3294,'Sencha (15 bags), v5',3),(169,'Great Green Tea: Sencha (25 bags)',3494,'Sencha (25 bags), v5',3),(170,'Great Green Tea: Earl Grey Green (loose)',4019,'Earl Grey Green (loose), v5',3),(171,'Great Green Tea: Earl Grey Green (15 bags)',11651,'Earl Grey Green (15 bags), v5',3),(172,'Great Green Tea: Earl Grey Green (25 bags)',10280,'Earl Grey Green (25 bags), v5',3),(173,'Great Green Tea: Matcha 30 g',7423,'Matcha 30 g, v5',3),(174,'Great Green Tea: Matcha 50 g',5666,'Matcha 50 g, v5',3),(175,'Great Green Tea: Matcha 100 g',8478,'Matcha 100 g, v5',3),(176,'Great Green Tea: Gunpowder Tea (loose)',3744,'Gunpowder Tea (loose), v5',3),(177,'Great Green Tea: Gunpowder Tea (15 bags)',8641,'Gunpowder Tea (15 bags), v5',3),(178,'Great Green Tea: Gunpowder Tea (25 bags)',4004,'Gunpowder Tea (25 bags), v5',3),(179,'Great Green Tea: Sencha (loose)',10142,'Sencha (loose), v6',3),(180,'Great Green Tea: Sencha (15 bags)',4098,'Sencha (15 bags), v6',3),(181,'Great Green Tea: Sencha (25 bags)',1716,'Sencha (25 bags), v6',3),(182,'Great Green Tea: Earl Grey Green (loose)',6772,'Earl Grey Green (loose), v6',3),(183,'Great Green Tea: Earl Grey Green (15 bags)',10438,'Earl Grey Green (15 bags), v6',3),(184,'Great Green Tea: Earl Grey Green (25 bags)',9072,'Earl Grey Green (25 bags), v6',3),(185,'Great Green Tea: Matcha 30 g',4117,'Matcha 30 g, v6',3),(186,'Great Green Tea: Matcha 50 g',9365,'Matcha 50 g, v6',3),(187,'Great Green Tea: Matcha 100 g',9391,'Matcha 100 g, v6',3),(188,'Great Green Tea: Gunpowder Tea (loose)',223,'Gunpowder Tea (loose), v6',3),(189,'Great Green Tea: Gunpowder Tea (15 bags)',5503,'Gunpowder Tea (15 bags), v6',3),(190,'Great Green Tea: Gunpowder Tea (25 bags)',1172,'Gunpowder Tea (25 bags), v6',3),(191,'Great Green Tea: Sencha (loose)',5600,'Sencha (loose), v7',3),(192,'Great Green Tea: Sencha (15 bags)',780,'Sencha (15 bags), v7',3),(193,'Great Green Tea: Sencha (25 bags)',11030,'Sencha (25 bags), v7',3),(194,'Great Green Tea: Earl Grey Green (loose)',6443,'Earl Grey Green (loose), v7',3),(195,'Great Green Tea: Earl Grey Green (15 bags)',7756,'Earl Grey Green (15 bags), v7',3),(196,'Great Green Tea: Earl Grey Green (25 bags)',3243,'Earl Grey Green (25 bags), v7',3),(197,'Great Green Tea: Matcha 30 g',2768,'Matcha 30 g, v7',3),(198,'Great Green Tea: Matcha 50 g',10783,'Matcha 50 g, v7',3),(199,'Great Green Tea: Matcha 100 g',7177,'Matcha 100 g, v7',3),(200,'Great Green Tea: Gunpowder Tea (loose)',6495,'Gunpowder Tea (loose), v7',3),(201,'Great Green Tea: Gunpowder Tea (15 bags)',9311,'Gunpowder Tea (15 bags), v7',3),(202,'Great Green Tea: Gunpowder Tea (25 bags)',200,'Gunpowder Tea (25 bags), v7',3),(203,'Great Green Tea: Sencha (loose)',4776,'Sencha (loose), v8',3),(204,'Great Green Tea: Sencha (15 bags)',6982,'Sencha (15 bags), v8',3),(205,'Great Green Tea: Sencha (25 bags)',3999,'Sencha (25 bags), v8',3),(206,'Great Green Tea: Earl Grey Green (loose)',11313,'Earl Grey Green (loose), v8',3),(207,'Great Herbal Tea: Camomile (loose)',8566,'Camomile (loose)',4),(208,'Great Herbal Tea: Camomile (15 bags)',9356,'Camomile (15 bags)',4),(209,'Great Herbal Tea: Peepermint (loose)',4281,'Peepermint (loose)',4),(210,'Great Herbal Tea: Peppermint (15 bags)',4245,'Peppermint (15 bags)',4),(211,'Great Herbal Tea: Peppermint (15 bags)',3854,'Peppermint (15 bags)',4),(212,'Great Herbal Tea: Sweet Mint (loose)',9920,'Sweet Mint (loose)',4),(213,'Great Herbal Tea: Sweet Mint (15 bags)',7218,'Sweet Mint (15 bags)',4),(214,'Great Herbal Tea: Sweet Mint (25 bags)',1514,'Sweet Mint (25 bags)',4),(215,'Great Herbal Tea: Lemongrass (loose)',10744,'Lemongrass (loose)',4),(216,'Great Herbal Tea: Lemongrass (20 bags)',1667,'Lemongrass (20 bags)',4),(217,'Great Herbal Tea: Chai Mate (15 bags)',947,'Chai Mate (15 bags)',4),(218,'Great Herbal Tea: Chai Mate (25 bags)',9370,'Chai Mate (25 bags)',4),(219,'Great Herbal Tea: Stomach Soothing Tea (15 bags)',4322,'Stomach Soothing Tea (15 bags)',4),(220,'Great Herbal Tea: Headache Soothing Tea (15 bags)',3420,'Headache Soothing Tea (15 bags)',4),(221,'Great Herbal Tea: Camomile (loose)',9429,'Camomile (loose), v1',4),(222,'Great Herbal Tea: Camomile (15 bags)',203,'Camomile (15 bags), v1',4),(223,'Great Herbal Tea: Peepermint (loose)',3578,'Peepermint (loose), v1',4),(224,'Great Herbal Tea: Peppermint (15 bags)',10217,'Peppermint (15 bags), v1',4),(225,'Great Herbal Tea: Peppermint (15 bags)',3465,'Peppermint (15 bags), v1',4),(226,'Great Herbal Tea: Sweet Mint (loose)',3840,'Sweet Mint (loose), v1',4),(227,'Great Herbal Tea: Sweet Mint (15 bags)',11589,'Sweet Mint (15 bags), v1',4),(228,'Great Herbal Tea: Sweet Mint (25 bags)',753,'Sweet Mint (25 bags), v1',4),(229,'Great Herbal Tea: Lemongrass (loose)',4673,'Lemongrass (loose), v1',4),(230,'Great Herbal Tea: Lemongrass (20 bags)',2905,'Lemongrass (20 bags), v1',4),(231,'Great Herbal Tea: Chai Mate (15 bags)',927,'Chai Mate (15 bags), v1',4),(232,'Great Herbal Tea: Chai Mate (25 bags)',1748,'Chai Mate (25 bags), v1',4),(233,'Great Herbal Tea: Stomach Soothing Tea (15 bags)',9022,'Stomach Soothing Tea (15 bags), v1',4),(234,'Great Herbal Tea: Headache Soothing Tea (15 bags)',4758,'Headache Soothing Tea (15 bags), v1',4),(235,'Great Herbal Tea: Camomile (loose)',1583,'Camomile (loose), v2',4),(236,'Great Herbal Tea: Camomile (15 bags)',2275,'Camomile (15 bags), v2',4),(237,'Great Herbal Tea: Peepermint (loose)',6775,'Peepermint (loose), v2',4),(238,'Great Herbal Tea: Peppermint (15 bags)',2969,'Peppermint (15 bags), v2',4),(239,'Great Herbal Tea: Peppermint (15 bags)',3142,'Peppermint (15 bags), v2',4),(240,'Great Herbal Tea: Sweet Mint (loose)',3916,'Sweet Mint (loose), v2',4),(241,'Great Herbal Tea: Sweet Mint (15 bags)',3555,'Sweet Mint (15 bags), v2',4),(242,'Great Herbal Tea: Sweet Mint (25 bags)',5032,'Sweet Mint (25 bags), v2',4),(243,'Great Herbal Tea: Lemongrass (loose)',6517,'Lemongrass (loose), v2',4),(244,'Great Herbal Tea: Lemongrass (20 bags)',8142,'Lemongrass (20 bags), v2',4),(245,'Great Herbal Tea: Chai Mate (15 bags)',3012,'Chai Mate (15 bags), v2',4),(246,'Great Herbal Tea: Chai Mate (25 bags)',4146,'Chai Mate (25 bags), v2',4),(247,'Great Herbal Tea: Stomach Soothing Tea (15 bags)',264,'Stomach Soothing Tea (15 bags), v2',4),(248,'Great Herbal Tea: Headache Soothing Tea (15 bags)',8235,'Headache Soothing Tea (15 bags), v2',4),(249,'Great Herbal Tea: Camomile (loose)',12048,'Camomile (loose), v3',4),(250,'Great Herbal Tea: Camomile (15 bags)',8489,'Camomile (15 bags), v3',4),(251,'Great Herbal Tea: Peepermint (loose)',98,'Peepermint (loose), v3',4),(252,'Great Herbal Tea: Peppermint (15 bags)',1211,'Peppermint (15 bags), v3',4),(253,'Great Herbal Tea: Peppermint (15 bags)',10397,'Peppermint (15 bags), v3',4),(254,'Great Herbal Tea: Sweet Mint (loose)',11181,'Sweet Mint (loose), v3',4),(255,'Great Herbal Tea: Sweet Mint (15 bags)',2774,'Sweet Mint (15 bags), v3',4),(256,'Great Herbal Tea: Sweet Mint (25 bags)',11293,'Sweet Mint (25 bags), v3',4),(257,'Great Herbal Tea: Lemongrass (loose)',2920,'Lemongrass (loose), v3',4),(258,'Great Herbal Tea: Lemongrass (20 bags)',2282,'Lemongrass (20 bags), v3',4),(259,'Great Herbal Tea: Chai Mate (15 bags)',3167,'Chai Mate (15 bags), v3',4),(260,'Great Herbal Tea: Chai Mate (25 bags)',11497,'Chai Mate (25 bags), v3',4),(261,'Great Herbal Tea: Stomach Soothing Tea (15 bags)',11201,'Stomach Soothing Tea (15 bags), v3',4),(262,'Great Herbal Tea: Headache Soothing Tea (15 bags)',9720,'Headache Soothing Tea (15 bags), v3',4),(263,'Great Herbal Tea: Camomile (loose)',285,'Camomile (loose), v4',4),(264,'Great Herbal Tea: Camomile (15 bags)',9568,'Camomile (15 bags), v4',4),(265,'Great Herbal Tea: Peepermint (loose)',10263,'Peepermint (loose), v4',4),(266,'Great Herbal Tea: Peppermint (15 bags)',9216,'Peppermint (15 bags), v4',4),(267,'Great Herbal Tea: Peppermint (15 bags)',6828,'Peppermint (15 bags), v4',4),(268,'Great Herbal Tea: Sweet Mint (loose)',6821,'Sweet Mint (loose), v4',4),(269,'Great Herbal Tea: Sweet Mint (15 bags)',7228,'Sweet Mint (15 bags), v4',4),(270,'Great Herbal Tea: Sweet Mint (25 bags)',11038,'Sweet Mint (25 bags), v4',4),(271,'Great Herbal Tea: Lemongrass (loose)',7075,'Lemongrass (loose), v4',4),(272,'Great Herbal Tea: Lemongrass (20 bags)',1157,'Lemongrass (20 bags), v4',4),(273,'Great Herbal Tea: Chai Mate (15 bags)',436,'Chai Mate (15 bags), v4',4),(274,'Great Herbal Tea: Chai Mate (25 bags)',11713,'Chai Mate (25 bags), v4',4),(275,'Great Herbal Tea: Stomach Soothing Tea (15 bags)',3526,'Stomach Soothing Tea (15 bags), v4',4),(276,'Great Herbal Tea: Headache Soothing Tea (15 bags)',5841,'Headache Soothing Tea (15 bags), v4',4),(277,'Great Herbal Tea: Camomile (loose)',992,'Camomile (loose), v5',4),(278,'Great Herbal Tea: Camomile (15 bags)',7376,'Camomile (15 bags), v5',4),(279,'Great Herbal Tea: Peepermint (loose)',4265,'Peepermint (loose), v5',4),(280,'Great Herbal Tea: Peppermint (15 bags)',365,'Peppermint (15 bags), v5',4),(281,'Great Herbal Tea: Peppermint (15 bags)',6273,'Peppermint (15 bags), v5',4),(282,'Great Herbal Tea: Sweet Mint (loose)',615,'Sweet Mint (loose), v5',4),(283,'Great Herbal Tea: Sweet Mint (15 bags)',11489,'Sweet Mint (15 bags), v5',4),(284,'Great Herbal Tea: Sweet Mint (25 bags)',10464,'Sweet Mint (25 bags), v5',4),(285,'Great Herbal Tea: Lemongrass (loose)',3147,'Lemongrass (loose), v5',4),(286,'Great Herbal Tea: Lemongrass (20 bags)',959,'Lemongrass (20 bags), v5',4),(287,'Great Herbal Tea: Chai Mate (15 bags)',6760,'Chai Mate (15 bags), v5',4),(288,'Great Herbal Tea: Chai Mate (25 bags)',11084,'Chai Mate (25 bags), v5',4),(289,'Great Herbal Tea: Stomach Soothing Tea (15 bags)',8488,'Stomach Soothing Tea (15 bags), v5',4),(290,'Great Herbal Tea: Headache Soothing Tea (15 bags)',10923,'Headache Soothing Tea (15 bags), v5',4),(291,'Great Herbal Tea: Camomile (loose)',5613,'Camomile (loose), v6',4),(292,'Great Herbal Tea: Camomile (15 bags)',8856,'Camomile (15 bags), v6',4),(293,'Great Herbal Tea: Peepermint (loose)',1381,'Peepermint (loose), v6',4),(294,'Great Herbal Tea: Peppermint (15 bags)',4062,'Peppermint (15 bags), v6',4),(295,'Great Herbal Tea: Peppermint (15 bags)',8630,'Peppermint (15 bags), v6',4),(296,'Great Herbal Tea: Sweet Mint (loose)',7688,'Sweet Mint (loose), v6',4),(297,'Great Herbal Tea: Sweet Mint (15 bags)',9373,'Sweet Mint (15 bags), v6',4),(298,'Great Herbal Tea: Sweet Mint (25 bags)',1130,'Sweet Mint (25 bags), v6',4),(299,'Great Herbal Tea: Lemongrass (loose)',5011,'Lemongrass (loose), v6',4),(300,'Great Herbal Tea: Lemongrass (20 bags)',6670,'Lemongrass (20 bags), v6',4),(301,'Great Herbal Tea: Chai Mate (15 bags)',2240,'Chai Mate (15 bags), v6',4),(302,'Great Herbal Tea: Chai Mate (25 bags)',10244,'Chai Mate (25 bags), v6',4),(303,'Great Herbal Tea: Stomach Soothing Tea (15 bags)',3552,'Stomach Soothing Tea (15 bags), v6',4),(304,'Great Herbal Tea: Headache Soothing Tea (15 bags)',8730,'Headache Soothing Tea (15 bags), v6',4),(305,'Great Herbal Tea: Camomile (loose)',9824,'Camomile (loose), v7',4),(306,'Great Herbal Tea: Camomile (15 bags)',6659,'Camomile (15 bags), v7',4),(307,'Great Rooibos: Rooibos Pure (loose)',2103,'Rooibos Pure (loose)',5),(308,'Great Rooibos: Rooibos Pure (20 bags)',3597,'Rooibos Pure (20 bags)',5),(309,'Great Rooibos: Rooibos Orange (loose)',1240,'Rooibos Orange (loose)',5),(310,'Great Rooibos: Rooibos Orange (20 bags)',8200,'Rooibos Orange (20 bags)',5),(311,'Great Rooibos: Rooibos Coconut (loose)',8175,'Rooibos Coconut (loose)',5),(312,'Great Rooibos: Rooibos Coconut (20 bags)',9227,'Rooibos Coconut (20 bags)',5),(313,'Great Rooibos: Rooibos Vanilla (loose)',5498,'Rooibos Vanilla (loose)',5),(314,'Great Rooibos: Rooibos Pure (20 bags)',5687,'Rooibos Pure (20 bags)',5),(315,'Great Rooibos: Rooibos Ginger (loose)',9653,'Rooibos Ginger (loose)',5),(316,'Great Rooibos: Rooibos Pure (20 bags)',11535,'Rooibos Pure (20 bags)',5),(317,'Great Rooibos: Rooibos Grapefruit (loose)',8595,'Rooibos Grapefruit (loose)',5),(318,'Great Rooibos: Rooibos Pure (20 bags)',5667,'Rooibos Pure (20 bags)',5),(319,'Great Rooibos: Rooibos Pure (loose)',10949,'Rooibos Pure (loose), v1',5),(320,'Great Rooibos: Rooibos Pure (20 bags)',2936,'Rooibos Pure (20 bags), v1',5),(321,'Great Rooibos: Rooibos Orange (loose)',2716,'Rooibos Orange (loose), v1',5),(322,'Great Rooibos: Rooibos Orange (20 bags)',8551,'Rooibos Orange (20 bags), v1',5),(323,'Great Rooibos: Rooibos Coconut (loose)',6309,'Rooibos Coconut (loose), v1',5),(324,'Great Rooibos: Rooibos Coconut (20 bags)',8705,'Rooibos Coconut (20 bags), v1',5),(325,'Great Rooibos: Rooibos Vanilla (loose)',1216,'Rooibos Vanilla (loose), v1',5),(326,'Great Rooibos: Rooibos Pure (20 bags)',6513,'Rooibos Pure (20 bags), v1',5),(327,'Great Rooibos: Rooibos Ginger (loose)',9758,'Rooibos Ginger (loose), v1',5),(328,'Great Rooibos: Rooibos Pure (20 bags)',1039,'Rooibos Pure (20 bags), v1',5),(329,'Great Rooibos: Rooibos Grapefruit (loose)',6053,'Rooibos Grapefruit (loose), v1',5),(330,'Great Rooibos: Rooibos Pure (20 bags)',10457,'Rooibos Pure (20 bags), v1',5),(331,'Great Rooibos: Rooibos Pure (loose)',5112,'Rooibos Pure (loose), v2',5),(332,'Great Rooibos: Rooibos Pure (20 bags)',7907,'Rooibos Pure (20 bags), v2',5),(333,'Great Rooibos: Rooibos Orange (loose)',4409,'Rooibos Orange (loose), v2',5),(334,'Great Rooibos: Rooibos Orange (20 bags)',8143,'Rooibos Orange (20 bags), v2',5),(335,'Great Rooibos: Rooibos Coconut (loose)',7602,'Rooibos Coconut (loose), v2',5),(336,'Great Rooibos: Rooibos Coconut (20 bags)',4783,'Rooibos Coconut (20 bags), v2',5),(337,'Great Rooibos: Rooibos Vanilla (loose)',795,'Rooibos Vanilla (loose), v2',5),(338,'Great Rooibos: Rooibos Pure (20 bags)',10483,'Rooibos Pure (20 bags), v2',5),(339,'Great Rooibos: Rooibos Ginger (loose)',2458,'Rooibos Ginger (loose), v2',5),(340,'Great Rooibos: Rooibos Pure (20 bags)',4261,'Rooibos Pure (20 bags), v2',5),(341,'Great Rooibos: Rooibos Grapefruit (loose)',5186,'Rooibos Grapefruit (loose), v2',5),(342,'Great Rooibos: Rooibos Pure (20 bags)',3134,'Rooibos Pure (20 bags), v2',5),(343,'Great Rooibos: Rooibos Pure (loose)',5711,'Rooibos Pure (loose), v3',5),(344,'Great Rooibos: Rooibos Pure (20 bags)',10251,'Rooibos Pure (20 bags), v3',5),(345,'Great Rooibos: Rooibos Orange (loose)',11886,'Rooibos Orange (loose), v3',5),(346,'Great Rooibos: Rooibos Orange (20 bags)',6526,'Rooibos Orange (20 bags), v3',5),(347,'Great Rooibos: Rooibos Coconut (loose)',10640,'Rooibos Coconut (loose), v3',5),(348,'Great Rooibos: Rooibos Coconut (20 bags)',4363,'Rooibos Coconut (20 bags), v3',5),(349,'Great Rooibos: Rooibos Vanilla (loose)',9065,'Rooibos Vanilla (loose), v3',5),(350,'Great Rooibos: Rooibos Pure (20 bags)',7262,'Rooibos Pure (20 bags), v3',5),(351,'Great Rooibos: Rooibos Ginger (loose)',3712,'Rooibos Ginger (loose), v3',5),(352,'Great Rooibos: Rooibos Pure (20 bags)',9575,'Rooibos Pure (20 bags), v3',5),(353,'Great Rooibos: Rooibos Grapefruit (loose)',3353,'Rooibos Grapefruit (loose), v3',5),(354,'Great Rooibos: Rooibos Pure (20 bags)',8580,'Rooibos Pure (20 bags), v3',5),(355,'Great Rooibos: Rooibos Pure (loose)',7065,'Rooibos Pure (loose), v4',5),(356,'Great Rooibos: Rooibos Pure (20 bags)',4778,'Rooibos Pure (20 bags), v4',5),(357,'Great Rooibos: Rooibos Orange (loose)',4582,'Rooibos Orange (loose), v4',5),(358,'Great Rooibos: Rooibos Orange (20 bags)',2803,'Rooibos Orange (20 bags), v4',5),(359,'Great Rooibos: Rooibos Coconut (loose)',3658,'Rooibos Coconut (loose), v4',5),(360,'Great Rooibos: Rooibos Coconut (20 bags)',6681,'Rooibos Coconut (20 bags), v4',5),(361,'Great Rooibos: Rooibos Vanilla (loose)',1218,'Rooibos Vanilla (loose), v4',5),(362,'Great Rooibos: Rooibos Pure (20 bags)',3601,'Rooibos Pure (20 bags), v4',5),(363,'Great Rooibos: Rooibos Ginger (loose)',9327,'Rooibos Ginger (loose), v4',5),(364,'Great Rooibos: Rooibos Pure (20 bags)',136,'Rooibos Pure (20 bags), v4',5),(365,'Great Rooibos: Rooibos Grapefruit (loose)',1594,'Rooibos Grapefruit (loose), v4',5),(366,'Great Rooibos: Rooibos Pure (20 bags)',5507,'Rooibos Pure (20 bags), v4',5),(367,'Great Rooibos: Rooibos Pure (loose)',7147,'Rooibos Pure (loose), v5',5),(368,'Great Rooibos: Rooibos Pure (20 bags)',8105,'Rooibos Pure (20 bags), v5',5),(369,'Great Rooibos: Rooibos Orange (loose)',11288,'Rooibos Orange (loose), v5',5),(370,'Great Rooibos: Rooibos Orange (20 bags)',3317,'Rooibos Orange (20 bags), v5',5),(371,'Great Rooibos: Rooibos Coconut (loose)',10373,'Rooibos Coconut (loose), v5',5),(372,'Great Rooibos: Rooibos Coconut (20 bags)',10847,'Rooibos Coconut (20 bags), v5',5),(373,'Great Rooibos: Rooibos Vanilla (loose)',113,'Rooibos Vanilla (loose), v5',5),(374,'Great Rooibos: Rooibos Pure (20 bags)',10294,'Rooibos Pure (20 bags), v5',5),(375,'Great Rooibos: Rooibos Ginger (loose)',7004,'Rooibos Ginger (loose), v5',5),(376,'Great Rooibos: Rooibos Pure (20 bags)',3760,'Rooibos Pure (20 bags), v5',5),(377,'Great Rooibos: Rooibos Grapefruit (loose)',2098,'Rooibos Grapefruit (loose), v5',5),(378,'Great Rooibos: Rooibos Pure (20 bags)',1311,'Rooibos Pure (20 bags), v5',5),(379,'Great Rooibos: Rooibos Pure (loose)',2599,'Rooibos Pure (loose), v6',5),(380,'Great Rooibos: Rooibos Pure (20 bags)',7865,'Rooibos Pure (20 bags), v6',5),(381,'Great Rooibos: Rooibos Orange (loose)',11458,'Rooibos Orange (loose), v6',5),(382,'Great Rooibos: Rooibos Orange (20 bags)',9908,'Rooibos Orange (20 bags), v6',5),(383,'Great Rooibos: Rooibos Coconut (loose)',3950,'Rooibos Coconut (loose), v6',5),(384,'Great Rooibos: Rooibos Coconut (20 bags)',5980,'Rooibos Coconut (20 bags), v6',5),(385,'Great Rooibos: Rooibos Vanilla (loose)',5427,'Rooibos Vanilla (loose), v6',5),(386,'Great Rooibos: Rooibos Pure (20 bags)',6787,'Rooibos Pure (20 bags), v6',5),(387,'Great Rooibos: Rooibos Ginger (loose)',10975,'Rooibos Ginger (loose), v6',5),(388,'Great Rooibos: Rooibos Pure (20 bags)',885,'Rooibos Pure (20 bags), v6',5),(389,'Great Rooibos: Rooibos Grapefruit (loose)',8875,'Rooibos Grapefruit (loose), v6',5),(390,'Great Rooibos: Rooibos Pure (20 bags)',1098,'Rooibos Pure (20 bags), v6',5),(391,'Great Rooibos: Rooibos Pure (loose)',6254,'Rooibos Pure (loose), v7',5),(392,'Great Rooibos: Rooibos Pure (20 bags)',9610,'Rooibos Pure (20 bags), v7',5),(393,'Great Rooibos: Rooibos Orange (loose)',1194,'Rooibos Orange (loose), v7',5),(394,'Great Rooibos: Rooibos Orange (20 bags)',6837,'Rooibos Orange (20 bags), v7',5),(395,'Great Rooibos: Rooibos Coconut (loose)',6956,'Rooibos Coconut (loose), v7',5),(396,'Great Rooibos: Rooibos Coconut (20 bags)',992,'Rooibos Coconut (20 bags), v7',5),(397,'Great Rooibos: Rooibos Vanilla (loose)',5687,'Rooibos Vanilla (loose), v7',5),(398,'Great Rooibos: Rooibos Pure (20 bags)',1700,'Rooibos Pure (20 bags), v7',5),(399,'Great Rooibos: Rooibos Ginger (loose)',2370,'Rooibos Ginger (loose), v7',5),(400,'Great Rooibos: Rooibos Pure (20 bags)',3082,'Rooibos Pure (20 bags), v7',5),(401,'Great Rooibos: Rooibos Grapefruit (loose)',1451,'Rooibos Grapefruit (loose), v7',5),(402,'Great Rooibos: Rooibos Pure (20 bags)',4939,'Rooibos Pure (20 bags), v7',5),(403,'Great Rooibos: Rooibos Pure (loose)',11242,'Rooibos Pure (loose), v8',5),(404,'Great Rooibos: Rooibos Pure (20 bags)',5949,'Rooibos Pure (20 bags), v8',5),(405,'Great Rooibos: Rooibos Orange (loose)',4857,'Rooibos Orange (loose), v8',5),(406,'Great Rooibos: Rooibos Orange (20 bags)',8052,'Rooibos Orange (20 bags), v8',5),(407,'Great White Tea: White Tea (loose)',9002,'White Tea (loose)',6),(408,'Great White Tea: White Tea (15 bags)',7295,'White Tea (15 bags)',6),(409,'Great White Tea: White Tea (25 bags)',6969,'White Tea (25 bags)',6),(410,'Great White Tea: White Chai (loose)',1055,'White Chai (loose)',6),(411,'Great White Tea: White Chai (15 bags)',4079,'White Chai (15 bags)',6),(412,'Great White Tea: White Chai (25 bags)',1725,'White Chai (25 bags)',6),(413,'Great White Tea: Pai Mu Tan White (loose)',4880,'Pai Mu Tan White (loose)',6),(414,'Great White Tea: Pai Mu Tan White (15 bags)',6153,'Pai Mu Tan White (15 bags)',6),(415,'Great White Tea: Pai Mu Tan White (25 bags)',11042,'Pai Mu Tan White (25 bags)',6),(416,'Great White Tea: White Apricot (loose)',700,'White Apricot (loose)',6),(417,'Great White Tea: White Apricot (15 bags)',9022,'White Apricot (15 bags)',6),(418,'Great White Tea: White Apricot (25 bags)',1866,'White Apricot (25 bags)',6),(419,'Great White Tea: White Tea (loose)',8937,'White Tea (loose), v1',6),(420,'Great White Tea: White Tea (15 bags)',1831,'White Tea (15 bags), v1',6),(421,'Great White Tea: White Tea (25 bags)',10979,'White Tea (25 bags), v1',6),(422,'Great White Tea: White Chai (loose)',9112,'White Chai (loose), v1',6),(423,'Great White Tea: White Chai (15 bags)',7644,'White Chai (15 bags), v1',6),(424,'Great White Tea: White Chai (25 bags)',11751,'White Chai (25 bags), v1',6),(425,'Great White Tea: Pai Mu Tan White (loose)',4750,'Pai Mu Tan White (loose), v1',6),(426,'Great White Tea: Pai Mu Tan White (15 bags)',7530,'Pai Mu Tan White (15 bags), v1',6),(427,'Great White Tea: Pai Mu Tan White (25 bags)',994,'Pai Mu Tan White (25 bags), v1',6),(428,'Great White Tea: White Apricot (loose)',8561,'White Apricot (loose), v1',6),(429,'Great White Tea: White Apricot (15 bags)',2276,'White Apricot (15 bags), v1',6),(430,'Great White Tea: White Apricot (25 bags)',5335,'White Apricot (25 bags), v1',6),(431,'Great White Tea: White Tea (loose)',9417,'White Tea (loose), v2',6),(432,'Great White Tea: White Tea (15 bags)',7288,'White Tea (15 bags), v2',6),(433,'Great White Tea: White Tea (25 bags)',8426,'White Tea (25 bags), v2',6),(434,'Great White Tea: White Chai (loose)',4380,'White Chai (loose), v2',6),(435,'Great White Tea: White Chai (15 bags)',6014,'White Chai (15 bags), v2',6),(436,'Great White Tea: White Chai (25 bags)',12068,'White Chai (25 bags), v2',6),(437,'Great White Tea: Pai Mu Tan White (loose)',10991,'Pai Mu Tan White (loose), v2',6),(438,'Great White Tea: Pai Mu Tan White (15 bags)',8188,'Pai Mu Tan White (15 bags), v2',6),(439,'Great White Tea: Pai Mu Tan White (25 bags)',6702,'Pai Mu Tan White (25 bags), v2',6),(440,'Great White Tea: White Apricot (loose)',3899,'White Apricot (loose), v2',6),(441,'Great White Tea: White Apricot (15 bags)',4024,'White Apricot (15 bags), v2',6),(442,'Great White Tea: White Apricot (25 bags)',10017,'White Apricot (25 bags), v2',6),(443,'Great White Tea: White Tea (loose)',7962,'White Tea (loose), v3',6),(444,'Great White Tea: White Tea (15 bags)',4187,'White Tea (15 bags), v3',6),(445,'Great White Tea: White Tea (25 bags)',7753,'White Tea (25 bags), v3',6),(446,'Great White Tea: White Chai (loose)',1057,'White Chai (loose), v3',6),(447,'Great White Tea: White Chai (15 bags)',432,'White Chai (15 bags), v3',6),(448,'Great White Tea: White Chai (25 bags)',9289,'White Chai (25 bags), v3',6),(449,'Great White Tea: Pai Mu Tan White (loose)',6925,'Pai Mu Tan White (loose), v3',6),(450,'Great White Tea: Pai Mu Tan White (15 bags)',7421,'Pai Mu Tan White (15 bags), v3',6),(451,'Great White Tea: Pai Mu Tan White (25 bags)',10156,'Pai Mu Tan White (25 bags), v3',6),(452,'Great White Tea: White Apricot (loose)',9060,'White Apricot (loose), v3',6),(453,'Great White Tea: White Apricot (15 bags)',6115,'White Apricot (15 bags), v3',6),(454,'Great White Tea: White Apricot (25 bags)',2179,'White Apricot (25 bags), v3',6),(455,'Great White Tea: White Tea (loose)',8299,'White Tea (loose), v4',6),(456,'Great White Tea: White Tea (15 bags)',4179,'White Tea (15 bags), v4',6),(457,'Great White Tea: White Tea (25 bags)',8837,'White Tea (25 bags), v4',6),(458,'Great White Tea: White Chai (loose)',9203,'White Chai (loose), v4',6),(459,'Great White Tea: White Chai (15 bags)',4807,'White Chai (15 bags), v4',6),(460,'Great White Tea: White Chai (25 bags)',11869,'White Chai (25 bags), v4',6),(461,'Great White Tea: Pai Mu Tan White (loose)',5045,'Pai Mu Tan White (loose), v4',6),(462,'Great White Tea: Pai Mu Tan White (15 bags)',3454,'Pai Mu Tan White (15 bags), v4',6),(463,'Great White Tea: Pai Mu Tan White (25 bags)',4660,'Pai Mu Tan White (25 bags), v4',6),(464,'Great White Tea: White Apricot (loose)',4119,'White Apricot (loose), v4',6),(465,'Great White Tea: White Apricot (15 bags)',5543,'White Apricot (15 bags), v4',6),(466,'Great White Tea: White Apricot (25 bags)',2826,'White Apricot (25 bags), v4',6),(467,'Great White Tea: White Tea (loose)',2229,'White Tea (loose), v5',6),(468,'Great White Tea: White Tea (15 bags)',1463,'White Tea (15 bags), v5',6),(469,'Great White Tea: White Tea (25 bags)',9893,'White Tea (25 bags), v5',6),(470,'Great White Tea: White Chai (loose)',434,'White Chai (loose), v5',6),(471,'Great White Tea: White Chai (15 bags)',1948,'White Chai (15 bags), v5',6),(472,'Great White Tea: White Chai (25 bags)',3976,'White Chai (25 bags), v5',6),(473,'Great White Tea: Pai Mu Tan White (loose)',5219,'Pai Mu Tan White (loose), v5',6),(474,'Great White Tea: Pai Mu Tan White (15 bags)',7946,'Pai Mu Tan White (15 bags), v5',6),(475,'Great White Tea: Pai Mu Tan White (25 bags)',8157,'Pai Mu Tan White (25 bags), v5',6),(476,'Great White Tea: White Apricot (loose)',8598,'White Apricot (loose), v5',6),(477,'Great White Tea: White Apricot (15 bags)',192,'White Apricot (15 bags), v5',6),(478,'Great White Tea: White Apricot (25 bags)',9761,'White Apricot (25 bags), v5',6),(479,'Great White Tea: White Tea (loose)',10893,'White Tea (loose), v6',6),(480,'Great White Tea: White Tea (15 bags)',4425,'White Tea (15 bags), v6',6),(481,'Great White Tea: White Tea (25 bags)',11029,'White Tea (25 bags), v6',6),(482,'Great White Tea: White Chai (loose)',1951,'White Chai (loose), v6',6),(483,'Great White Tea: White Chai (15 bags)',2076,'White Chai (15 bags), v6',6),(484,'Great White Tea: White Chai (25 bags)',7823,'White Chai (25 bags), v6',6),(485,'Great White Tea: Pai Mu Tan White (loose)',7357,'Pai Mu Tan White (loose), v6',6),(486,'Great White Tea: Pai Mu Tan White (15 bags)',10542,'Pai Mu Tan White (15 bags), v6',6),(487,'Great White Tea: Pai Mu Tan White (25 bags)',11628,'Pai Mu Tan White (25 bags), v6',6),(488,'Great White Tea: White Apricot (loose)',10290,'White Apricot (loose), v6',6),(489,'Great White Tea: White Apricot (15 bags)',10209,'White Apricot (15 bags), v6',6),(490,'Great White Tea: White Apricot (25 bags)',11925,'White Apricot (25 bags), v6',6),(491,'Great White Tea: White Tea (loose)',4813,'White Tea (loose), v7',6),(492,'Great White Tea: White Tea (15 bags)',1064,'White Tea (15 bags), v7',6),(493,'Great White Tea: White Tea (25 bags)',5439,'White Tea (25 bags), v7',6),(494,'Great White Tea: White Chai (loose)',9054,'White Chai (loose), v7',6),(495,'Great White Tea: White Chai (15 bags)',10487,'White Chai (15 bags), v7',6),(496,'Great White Tea: White Chai (25 bags)',3241,'White Chai (25 bags), v7',6),(497,'Great White Tea: Pai Mu Tan White (loose)',1910,'Pai Mu Tan White (loose), v7',6),(498,'Great White Tea: Pai Mu Tan White (15 bags)',9433,'Pai Mu Tan White (15 bags), v7',6),(499,'Great White Tea: Pai Mu Tan White (25 bags)',3779,'Pai Mu Tan White (25 bags), v7',6),(500,'Great White Tea: White Apricot (loose)',9020,'White Apricot (loose), v7',6),(501,'Great White Tea: White Apricot (15 bags)',1073,'White Apricot (15 bags), v7',6),(502,'Great White Tea: White Apricot (25 bags)',4698,'White Apricot (25 bags), v7',6),(503,'Great White Tea: White Tea (loose)',8583,'White Tea (loose), v8',6),(504,'Great White Tea: White Tea (15 bags)',4874,'White Tea (15 bags), v8',6),(505,'Great White Tea: White Tea (25 bags)',6222,'White Tea (25 bags), v8',6),(506,'Great White Tea: White Chai (loose)',5950,'White Chai (loose), v8',6);
/*!40000 ALTER TABLE `PERSISTENCEPRODUCT` ENABLE KEYS */;
UNLOCK TABLES;

--
-- Table structure for table `PERSISTENCEUSER`
--

DROP TABLE IF EXISTS `PERSISTENCEUSER`;
/*!40101 SET @saved_cs_client     = @@character_set_client */;
/*!40101 SET character_set_client = utf8 */;
CREATE TABLE `PERSISTENCEUSER` (
                                   `ID` bigint(20) NOT NULL,
                                   `EMAIL` varchar(255) DEFAULT NULL,
                                   `PASSWORD` varchar(255) DEFAULT NULL,
                                   `REALNAME` varchar(255) DEFAULT NULL,
                                   `USERNAME` varchar(255) DEFAULT NULL,
                                   PRIMARY KEY (`ID`)
) ENGINE=InnoDB DEFAULT CHARSET=latin1;
/*!40101 SET character_set_client = @saved_cs_client */;

--
-- Dumping data for table `PERSISTENCEUSER`
--

LOCK TABLES `PERSISTENCEUSER` WRITE;
/*!40000 ALTER TABLE `PERSISTENCEUSER` DISABLE KEYS */;
INSERT INTO `PERSISTENCEUSER` VALUES (507,'user97@teastore.com','$2a$06$zeoEj0P1JQpPSoloEqr6y.Ki2EmgU7sKMYPzRW.8vIrC5Tl0Qi4AK','Kimberly Robinson','user97'),(508,'user7@teastore.com','$2a$06$L.VRtgIgAg3xLuY0fTqUkun60IMm9l9wMIjWMeqS0W3Zh3.Igc8g.','Lisa Hall','user7'),(509,'user32@teastore.com','$2a$06$k0vMWQbQpbGK8cshRA.SDuHLsrWgfYm.DkOnyryevgw9NbdUvqSuO','Helen Johnson','user32'),(510,'user22@teastore.com','$2a$06$rqOv2zh/C4g2XCY3N6EqX.IObB/OcfBkFoZjoehpHruBIK/rZx2yS','Maria Wilson','user22'),(511,'user15@teastore.com','$2a$06$mLAHBG3Xt/xV9JSy7X9B..KmdFXiP0ov9lEJjHJhNm1pHUs.P6XRW','Anthony Clark','user15'),(512,'user78@teastore.com','$2a$06$1Z5CwNwgF/vrAD3qoSAnfuXFFOokNp7IJfSR9rrEbi74PxJtnU/zi','Raymond Robinson','user78'),(513,'user90@teastore.com','$2a$06$75nGjd5AgCPvxpUyDgrCMuUYjDBr.fCc/mPvZoWnkw0wWO27nei/e','Joshua Martin','user90'),(514,'user28@teastore.com','$2a$06$Jo4HNKYe40N6x4uV1lJBx.kLAmBe6SVE9aUeAtLNnrKyLi/Ow36pO','Larry Davis','user28'),(515,'user76@teastore.com','$2a$06$sE8DsfgwZuVH8M3OnqTUK.9DASIlxCkeiS5aa.4VMTJnzdUxcKoyS','Richard Lewis','user76'),(516,'user13@teastore.com','$2a$06$CnZj9XCvDpntHOFVbjIipu0OEnzp5V5b0SGDWriYr9go6kx7XanRW','Donald Miller','user13'),(517,'user65@teastore.com','$2a$06$yv2t6UJFy0mbx6MeG1qyFeBs0iXm3rHV9UmyKIw125whUKp20CUlC','Stephen Harris','user65'),(518,'user85@teastore.com','$2a$06$mQ/TfSrhew1fp7RZTUszue5ffbmUCiBYGi5oYa96Dw.ZOG2AO3l5.','Margaret Robinson','user85'),(519,'user82@teastore.com','$2a$06$A6EU9XiAY.1Bo75V2VD44.W24cTBrFLtbjE/gKC3w0ePdXrPHkUey','Margaret Clark','user82'),(520,'user81@teastore.com','$2a$06$CemiGviehdaUiD/jlAtDAekGiJwZB/Oa.xl/Gng3QAKAy7v.Nq8ke','Lisa Wright','user81'),(521,'user44@teastore.com','$2a$06$lh4At.F8vG2gOtqxDre6veKBYQduFfNZo96XFRfVYK5tq0y3MOddW','Elizabeth Jones','user44'),(522,'user40@teastore.com','$2a$06$fTcbj.XsKLWatDGyd698XurlyHxsh7EjlBMo9//F.gQkHAHNvwtR2','Larry Williams','user40'),(523,'user80@teastore.com','$2a$06$DDqU/zIj5jQmFRroElEpNectBZ5Sx2QyCj2fw97h/9GQstywbPi/2','Scott Smith','user80'),(524,'user21@teastore.com','$2a$06$b6X73/EUwcSu7TLsA3kEYOLL7u1///DvghJYi5RyCI5cuF1q4eo02','Brian Jones','user21'),(525,'user8@teastore.com','$2a$06$h1t7K7f1cGQgywHhCVqmVO34om39cT9B7.y92On3kKvYO63Cb.ilW','Mark Martin','user8'),(526,'user33@teastore.com','$2a$06$rdnx1jqi1bOE6c0RASOZ8e0ns7QtmtXDrTjzqA8r0NQtRROEXyajS','Helen Wilson','user33'),(527,'user67@teastore.com','$2a$06$HlV7kl7yW6pOQX2zGvI5VO62UJkd5hkvI/bEF2tguS2kHyQnyxB.W','Joshua Miller','user67'),(528,'user14@teastore.com','$2a$06$iv.pI9gn5aifdY2duHYceuUVxPjgO8/Ra3vmDi06YEa6hXCuFvaxS','Carol Thomas','user14'),(529,'user77@teastore.com','$2a$06$8slh1IMK0gBY3DPvFE1igOcSrifuG3YnKRONczmCBFX98LB9.ane.','Timothy Rodriguez','user77'),(530,'user96@teastore.com','$2a$06$zCt5NCIQmUO9K4B2i5kU2.d3SQMuIOn2LB6S0UAE9os.dayFOOdcu','Patrick Anderson','user96'),(531,'user17@teastore.com','$2a$06$3e7nemaZQx16VI8VDRV6IOoBZSnlou2FEhnd.FcdszTEO/udek3ay','Sharon Anderson','user17'),(532,'user92@teastore.com','$2a$06$4rnhqOXVc5/G4rvGvFHMOuYO41GFR/oldTLrIZ1fQAM7kqLcUM0Ay','Cynthia Jones','user92'),(533,'user45@teastore.com','$2a$06$n/hNZEnCCcMnUP5N6jZGoOwLbaKoEQ4oTU1GsOf9NCGBudqfRX2bm','Gary Martinez','user45'),(534,'user42@teastore.com','$2a$06$2jD.VTATbs9CjxVQY/rw5O.TcBzNsSbtfbOCNE61a8VsvW667aGba','Michael Rodriguez','user42'),(535,'user30@teastore.com','$2a$06$YXI3CDa8Iq7wwfy4tUC9TeXvc4986tPYRy9GB6YMq3TTjemrPjLV6','Susan Hill','user30'),(536,'user6@teastore.com','$2a$06$zppmaGDa06Z/TSZa1gfeTug5ze1t1fYjquYJXIvHm8nIAB3pNXn1W','John Johnson','user6'),(537,'user24@teastore.com','$2a$06$4htEq20cTQ4KEq5WSGUIHeFqo5jdc.JLdryU4GsIN3nTg17PC7oia','Walter King','user24'),(538,'user3@teastore.com','$2a$06$Yk3ebI0m728IqQxiGhRfUOVGXONMV7BngAOFSonchcGdvVlTv5bS.','Robert Martinez','user3'),(539,'user79@teastore.com','$2a$06$3AhEzbgBCgVvfpOseLRKaOk8JRj5/f5KcM2eu/kscgSNDT6QHecm.','Patrick Walker','user79'),(540,'user31@teastore.com','$2a$06$42LXY0pXG7cL4hD2WTyw1eArI/Gz.GIJV6kiwXrlyHyuEHuBrhHCu','Thomas Thompson','user31'),(541,'user86@teastore.com','$2a$06$2FjFSVhFy8tfHjOR1fBuQ.dz4B9hOxgwqLLE0H3aZXYoSJzOaWYlq','Cynthia Young','user86'),(542,'user83@teastore.com','$2a$06$4zgMG9YcV/UHrI0WOX.ntuaQXlCkP8v6ZK5pxu9jRhTAQ41i48Q1a','Nancy Smith','user83'),(543,'user12@teastore.com','$2a$06$denT7oMTGLnFSTlMLaJTXOlgx3jeCqJAVqCiofR92e8vedpMdBsBi','Charles Scoot','user12'),(544,'user66@teastore.com','$2a$06$pHvF9wfjDTKKuNawjdPTHeptf7kWAwjrLhe2z9kZL2cRjSgcl06qW','Betty Scoot','user66'),(545,'user16@teastore.com','$2a$06$MmDr0wku3QbRzYL17IZXMOmSq9uHefsuux7iflFt8xt4q0/89NyMy','Kimberly Hernandez','user16'),(546,'user75@teastore.com','$2a$06$vBymt.MTcMGELL9oIh9eGO2jCsVf.k6C1xAl7OgfHFwTsm10.L1Qu','Jerry Smith','user75'),(547,'user91@teastore.com','$2a$06$Y9crouC0OKUd.0sLXvyWNe9GEHCyIaGP3OfnsQ6th1HkDSXkYaMdy','Deborah Walker','user91'),(548,'user99@teastore.com','$2a$06$JqPaO9v0m/nuwL/tZFjFPOP/h9BqYvZJzv/4IyvbYbMUO0cBTAox2','Patricia Davis','user99'),(549,'user10@teastore.com','$2a$06$fl52P7ikhVRCYjPcazazZeru4BCVzxn.7rpkTIE9Np65ouwmv06ue','Gary Williams','user10'),(550,'user43@teastore.com','$2a$06$soE.r0vW0DMsBV/eTPjJkuITtSXOjs9HECgZdbecWbgwV9ynzQiXi','Michelle Harris','user43'),(551,'user29@teastore.com','$2a$06$vK2TCoENKnE1NvBxCIPKPevE45B5StWo8wMqRbzMjvOzOHwawMZLS','Michelle Lewis','user29'),(552,'user57@teastore.com','$2a$06$Lgn5cNwMQynNB5qym3/x..oqSVoKYTB2zx6YpO1mqR.yvLkMizIHW','Elizabeth Jackson','user57'),(553,'user88@teastore.com','$2a$06$H6rvrr3a.cKjyTVIr4N72.UodnjwZEYu8809KLv.uv4OKOPYVMFKi','Jospeph Hernandez','user88'),(554,'user19@teastore.com','$2a$06$IWhDjTx/b6jcZeRqe/uoqe9PZvoF.bdnds1vQuc23fO6vYh4v3D/C','Shirley Lee','user19'),(555,'user23@teastore.com','$2a$06$lE.iUHH3nkaJdUpCFnEWf.O2JWhybnTAK0RsNoxrTXnR5mhof6ZqK','Kevin Brown','user23'),(556,'user63@teastore.com','$2a$06$5.UHICpKUWJt9CRy5aVhtuhj3GWdZAgiIzeRQdcPAhmpgRv3NN4u2','Timothy King','user63'),(557,'user84@teastore.com','$2a$06$04J7//AuljcjdRtgg8yebu0lbYnb3Iy.2RBNVwr16IDX7QChGEa2.','Donna White','user84'),(558,'user35@teastore.com','$2a$06$Qz0Xdxe5RErNfWws0xTVruQOVCub4gfl4LgGWlB7053O8AXx1zZG6','Sarah Martinez','user35'),(559,'user5@teastore.com','$2a$06$DGLI3c8YF0/riNkkQ1TpGObpORuUJc/QAj6UoPE8UsLqg.HtoeRSy','Karen Lee','user5'),(560,'user41@teastore.com','$2a$06$dmuYBge/sNxcP78Dmu/yG.jWOdV2nP9LQfjZnAqK8uVi7itjkb346','Barbara Harris','user41'),(561,'user53@teastore.com','$2a$06$d4q5njEUrV2yYfECi4zTFOdYJ5ZEHPQghIIuqJJdWvHgQYmF6jwga','Jerry Allen','user53'),(562,'user98@teastore.com','$2a$06$rmySKi2Kprpg0sUtGp5o6.mJQkdupM6Kpm5v5xM4i.f07mMPjEf0e','Stephen Moorse','user98'),(563,'user48@teastore.com','$2a$06$fmh7BgO4SxL1Cyc3K7l90eBMw2a93P3uwMVGH7KN8sJDb3vatESAi','Betty Martin','user48'),(564,'user34@teastore.com','$2a$06$jL36NDT20b.rUHSL4LifYOzwOYHM3U5Gg9hM6u.FajGlGUiqiQ7QW','Richard Smith','user34'),(565,'user18@teastore.com','$2a$06$U0rZFCefVDhJMyTqZGWUdufs2eO9R3dZy9WdzDmj334L4BN/lL2vm','Jessica Hall','user18'),(566,'user26@teastore.com','$2a$06$WKOdfub96RZpny.OvMmPDuh836CFlcFmgMVrEuVztIDUOjNsw7eCC','Kimberly Harris','user26'),(567,'user11@teastore.com','$2a$06$LByfNEfmDJTYovYl8L0Gp.EuJ2CzwJAwhTezQX4US75e6ScO597tG','Scott Williams','user11'),(568,'user38@teastore.com','$2a$06$r.0wCPUF61ry2ZZUfUvyr.Tst9C9HW5pMUfGu1xRnOP4KcNPH1sy6','Maria Walker','user38'),(569,'user60@teastore.com','$2a$06$e1O18s1oZgaup619ptZBjOhmpd72WzXF0erEBToG2MSReQa6B8.12','Jessica Martin','user60'),(570,'user89@teastore.com','$2a$06$W3wLVWvmyJ/PT8VtXEpceusJ1eNCEA/9Q7.Sp9jT5z8Q.PASz2EOq','Gary Jackson','user89'),(571,'user59@teastore.com','$2a$06$WrbgEeK0JD9hCvJF5JEUqOIDzxjNpELsZV5sYL7j9pTBQplrOnIFq','Patricia Thompson','user59'),(572,'user36@teastore.com','$2a$06$vJ7GsJfx9h.KhI3NfAhdQedPZsWPdM//MnoBDokGxtNtZoPy8zq2K','Anthony Johnson','user36'),(573,'user4@teastore.com','$2a$06$Q4Vp6z0EHRfCwm9mZaRyEOGDkmjOU/oWvoYWDZi.sQRXJdv/X.hRe','Maria Brown','user4'),(574,'user55@teastore.com','$2a$06$ZFV3hSe2IT0/dbLiBCN9X.SnC6vwYSm9dl6D2g/s7tB8ghHQVvORa','Paul Thompson','user55'),(575,'user94@teastore.com','$2a$06$6SkiXq73VfKtcZVZd5pBz.LAvWG8ia3szZu7yxW/pjm7SCn3wqS0i','Paul Anderson','user94'),(576,'user20@teastore.com','$2a$06$w/KCOXju3CxbJgxMJNQWheMHxYLQeZFOIUZCljmwI39jk.94OQFRW','Peter Brown','user20'),(577,'user9@teastore.com','$2a$06$iwDMZuWvBVyuR7nf3IYyS.mRQcVoY1G41DNBf67kksWC1R9u7Hej6','Patricia Moorse','user9'),(578,'user58@teastore.com','$2a$06$xI7uvBn3YTrvq.zsj0NSa.8KLuRh54Ps908FoiITx0r2SVNOxHZFW','Cynthia Robinson','user58'),(579,'user64@teastore.com','$2a$06$lvoP2h8Wvh/E5hH3qVwK5ONnn5ZTuKzpBQevMT7jE1YMertARCFmK','Dennis Thomas','user64'),(580,'user49@teastore.com','$2a$06$feSyHQLV/Yl4GrwnD2YkSu2Q7XpQ8lPYY.j6Tk5RvfwKvU5z8X34e','James Harris','user49'),(581,'user39@teastore.com','$2a$06$ymtOyYlkHO.ZEDk84LK0Xeyu/kjJ6/.TPC8wP1ca07Ou3F2EomPK.','Lisa Robinson','user39'),(582,'user61@teastore.com','$2a$06$pplpxp8yPPMzj0pphHmMMOnDczBsyOtz1VCJg9LrM2ljM.JkVmfqm','Jerry Williams','user61'),(583,'user1@teastore.com','$2a$06$JZUg0VYq/t5lWN63Sh4dKewBw86ES6JJ2JnmSJeGcD2hVx03DfbRm','Andrew Lee','user1'),(584,'user37@teastore.com','$2a$06$js3xmt7GrBeQ1BFT5SDZD.x32THlWaKzGLNtkqaw5xU8q0gA8czZ.','Barbara Martinez','user37'),(585,'user54@teastore.com','$2a$06$gGrcYSpteiTtj7MQ3xG8He4PSpYK.CUj0JNsErCWphpBd70rx4qTu','Deborah Martinez','user54'),(586,'user27@teastore.com','$2a$06$VkUpB0UoYJ17Uv6Ugg5hwOjzZBWdcBznUesSMC9LcSJ5eZulIkiA.','Shirley Jones','user27'),(587,'user95@teastore.com','$2a$06$PuNJu/19goBqoEBVbqBJguGWY5/PUkoH1MipDP1KT17yQH9GMlhce','Edward Martinez','user95'),(588,'user25@teastore.com','$2a$06$3A4aE7t/.Iix7uHLc4Cf9uWjrOum/ZktrweKStQhpC.n5tbCfSNYq','Mark Thomas','user25'),(589,'user56@teastore.com','$2a$06$LKx1U5OwbOE72K0HPu3Wo.yNG2tFzyYL0g4Uz55O1zJWiCYHC9Wee','Cynthia King','user56'),(590,'user62@teastore.com','$2a$06$1in4x9GkLq2VUzlWP7zIIetmyXVMvbfx3O8NrYNhO90wvdMirgMDy','Maria Taylor','user62'),(591,'user46@teastore.com','$2a$06$MO8UpBIM4AkyBWGUqOHuXO65j7p9pOfCMIjcRQZM2ZC8CkEZA1bm6','Susan Williams','user46'),(592,'user2@teastore.com','$2a$06$2ouBNpDwIDIbB0KExDrk0upC.ODnYzuEg3nzZUibGrU.GaFhbVNDa','Maria Hall','user2'),(593,'user87@teastore.com','$2a$06$MXltgTPIqcXk.DeBKaqaJeSvVR6AXOyz934eCZz2QiFzDwG/ZyiUy','Dorothy Brown','user87'),(594,'user0@teastore.com','$2a$06$HiSEkKpoPqH6pJ6UrAcoX.hliGT6datVNf.PYa/9TIBqlk8Pc6wSa','Joshua Johnson','user0'),(595,'user47@teastore.com','$2a$06$7uuq2wdnbIPOwH.RwmhGkOOXxFjCjTizUYjdFvrBUCiDNJupMgOJO','Deborah Martinez','user47'),(596,'user51@teastore.com','$2a$06$sCnzPAdh1CIJyFkNVQA93.u.gUSo9n.qV8HrIC59C9.seQ6ZXOH2W','Kevin Brown','user51'),(597,'user93@teastore.com','$2a$06$AJRH938VAilIkWdBPSR3pOZsPSPGeksxOu.PYmkpEYR5LI1zxVNG2','Jospeph Harris','user93'),(598,'user72@teastore.com','$2a$06$NDGHJYi.4ivmAUzzMkWLS.u.ZlTO94dPjVpuGHwJx7pC47bCcWqsu','Timothy Johnson','user72'),(599,'user50@teastore.com','$2a$06$TcM6YEG9GH9GyFISgYrw8.tQaALa.Me6kwNaBGs6O4MdD.WGZTvOG','Gary Rodriguez','user50'),(600,'user69@teastore.com','$2a$06$7psH6iVipJPU9prvE4sKNevINbXdJPx.oO5NiipBPKrp0fkU/gJQW','Karen Jackson','user69'),(601,'user68@teastore.com','$2a$06$xyouiLR7FrigXNop6/nhSuUjy0bjT5zR7Xo9R4rUsMqliFGQOwf7u','Eric Moorse','user68'),(602,'user71@teastore.com','$2a$06$p.f0RSv/kD1KyOcnAmxEDOVqmBlDXN31l6GOUPBhV28mAjG/wgps2','Jennifer Hernandez','user71'),(603,'user70@teastore.com','$2a$06$wXPBTav.SgDpWSELWMdDmeO1QfbXCZL8XXuWgzSxRCw1haMDCEWju','Jerry Thomas','user70'),(604,'user74@teastore.com','$2a$06$hrcb79xU4Kyy3JYbLRBchuRO5viPx7zqPUI9ySBthASffDZh/wj0i','Gregory Wright','user74'),(605,'user73@teastore.com','$2a$06$1fhnQY5/okN/62rLgCAq4uuPhGcs9G8cPvNQ7a1lA4/9mUODoyvrG','Richard Jones','user73'),(606,'user52@teastore.com','$2a$06$qmDr0EVw33Byv.1BP5m1mOO8gIjpPrknLKsuF.S/0uFi4p8lkXX2y','Laura Hill','user52');
/*!40000 ALTER TABLE `PERSISTENCEUSER` ENABLE KEYS */;
UNLOCK TABLES;

--
-- Table structure for table `SEQUENCE`
--

DROP TABLE IF EXISTS `SEQUENCE`;
/*!40101 SET @saved_cs_client     = @@character_set_client */;
/*!40101 SET character_set_client = utf8 */;
CREATE TABLE `SEQUENCE` (
                            `SEQ_NAME` varchar(50) NOT NULL,
                            `SEQ_COUNT` decimal(38,0) DEFAULT NULL,
                            PRIMARY KEY (`SEQ_NAME`)
) ENGINE=InnoDB DEFAULT CHARSET=latin1;
/*!40101 SET character_set_client = @saved_cs_client */;

--
-- Dumping data for table `SEQUENCE`
--

LOCK TABLES `SEQUENCE` WRITE;
/*!40000 ALTER TABLE `SEQUENCE` DISABLE KEYS */;
INSERT INTO `SEQUENCE` VALUES ('SEQ_GEN',1500);
/*!40000 ALTER TABLE `SEQUENCE` ENABLE KEYS */;
UNLOCK TABLES;
/*!40103 SET TIME_ZONE=@OLD_TIME_ZONE */;

/*!40101 SET SQL_MODE=@OLD_SQL_MODE */;
/*!40014 SET FOREIGN_KEY_CHECKS=@OLD_FOREIGN_KEY_CHECKS */;
/*!40014 SET UNIQUE_CHECKS=@OLD_UNIQUE_CHECKS */;
/*!40101 SET CHARACTER_SET_CLIENT=@OLD_CHARACTER_SET_CLIENT */;
/*!40101 SET CHARACTER_SET_RESULTS=@OLD_CHARACTER_SET_RESULTS */;
/*!40101 SET COLLATION_CONNECTION=@OLD_COLLATION_CONNECTION */;
/*!40111 SET SQL_NOTES=@OLD_SQL_NOTES */;

-- Dump completed on 2021-06-25 16:43:52
